label,client_id
0,7503
0,529
1,2071
0,9499
1,25
1,4386
1,5254
1,4988
1,5066
1,7731
1,2243
1,3391
1,8779
1,5402
0,7355
0,6287
0,2627
1,7167
0,8913
0,971
0,2415
0,6889
0,1290
1,5630
0,1056
0,4524
1,6273
1,3701
0,7193
0,9835
1,6041
0,3533
0,985
0,9009
0,1264
1,4716
1,6425
1,2085
1,3157
0,1600
1,4372
0,1432
1,4140
0,5092
1,6617
1,3365
1,7158
0,172
1,7964
1,8110
1,340
0,8322
1,2618
0,724
0,9694
1,8746
1,5865
0,5059
0,2872
1,516
0,8574
1,6628
0,2288
1,9660
0,4943
1,5891
0,2886
0,3954
0,9452
0,3168
0,8580
0,4729
1,186
1,7990
0,9036
0,6842
0,9204
0,1069
1,1855
0,1435
0,4147
0,5095
0,6610
1,9658
1,3362
0,6422
0,2082
1,3150
0,1607
1,4375
0,7194
0,6046
1,9832
0,3534
1,982
1,1263
0,4711
0,1051
0,4523
1,6274
0,3706
0,8914
1,7160
0,976
0,8128
0,2412
1,1297
1,5637
0,5405
1,1899
0,7352
1,378
0,6280
0,2620
1,5061
0,7736
1,2244
0,3396
1,3998
1,7504
1,2076
0,22
1,4381
1,5253
0,7399
0,3739
1,9203
0,1852
0,181
0,6079
0,7997
0,6845
1,9031
1,1638
1,5298
0,2881
0,3953
0,9455
1,8587
0,9667
1,4944
1,5896
0,4178
0,2875
1,511
0,2049
0,8573
1,7709
1,723
0,9693
1,8741
0,5862
0,347
1,8325
0,5608
1,175
1,949
1,8117
0,7963
0,1255
1,4727
0,6070
1,9804
1,188
1,9038
1,3502
1,6242
1,7390
0,3730
1,1067
1,4515
1,6626
1,3354
0,2286
1,1403
1,4171
0,1631
1,5291
1,4343
1,6414
1,2888
0,3166
1,7700
0,8748
0,2272
0,5057
1,4185
0,14
1,5265
0,518
1,7532
1,3192
0,2040
1,5601
0,6084
1,8922
0,7156
0,2424
0,940
1,7364
0,2616
0,1093
1,5433
0,3965
1,3159
0,9463
0,4972
0,6619
0,8783
0,9651
1,1058
1,1864
1,385
1,9235
0,6873
1,9007
0,4718
0,1890
1,6289
0,371
1,2629
1,8313
1,143
0,7169
1,6887
0,8121
0,7955
1,527
1,3991
0,2843
0,8545
0,9497
1,4388
0,5854
0,4986
0,5068
1,715
0,8777
0,349
0,7363
0,2611
1,1094
1,5434
1,5606
1,6083
0,7151
0,8925
0,2423
1,947
0,8119
0,13
1,5262
1,7535
1,3195
1,2047
1,7707
0,2275
0,5050
0,4182
0,1636
1,5296
0,4344
1,6413
1,8589
1,3161
0,6621
1,3353
0,9669
1,2281
0,1404
1,5898
1,4176
1,6245
0,7397
1,3737
1,1060
1,4512
0,1252
0,4720
0,9803
0,6077
0,7999
0,3505
1,5853
1,4981
0,712
0,7738
1,8770
0,3398
0,520
0,3996
1,2844
1,8542
1,9490
1,2078
1,144
1,6880
1,7952
1,978
0,8126
1,1299
1,5639
0,1897
0,376
1,8314
1,6048
0,9000
0,6874
1,1863
1,382
1,9232
0,3708
0,4975
1,4149
1,8784
0,9656
0,3962
1,9464
1,1609
0,5209
0,78
0,8516
1,574
0,2810
1,8724
0,746
1,5807
0,9292
1,8340
0,7308
1,322
0,2448
0,8172
1,7906
0,110
0,9266
0,4579
1,1837
0,5699
1,1239
1,6820
0,9054
1,8186
0,9868
1,9430
0,580
1,3936
1,6478
0,3338
0,9602
0,7798
0,4921
0,2477
1,913
0,7939
0,8971
0,7105
0,4780
1,5652
0,5460
1,2645
1,3797
1,7337
0,5004
1,5838
1,2221
1,7753
1,779
1,6681
1,8529
0,2013
1,7561
1,5236
0,1696
0,47
1,4122
1,1450
0,3307
1,6675
1,3135
0,3909
0,7595
1,6447
1,4310
1,1662
0,2483
0,3551
1,6023
0,9857
0,8985
1,4774
0,1206
0,4546
0,5494
0,1808
0,1034
0,9259
1,3763
1,6211
1,9605
1,1468
0,4926
0,4328
1,9437
1,587
0,3931
1,9053
1,6827
1,8181
0,3569
0,9261
1,2689
1,6229
0,1830
1,7901
1,8175
1,8949
0,117
0,9295
1,8347
1,325
1,5458
1,8723
0,2219
1,741
0,5800
1,8511
0,7559
1,573
1,2817
1,4541
0,5493
0,1033
1,3764
0,6216
0,2484
1,6818
0,3556
0,9850
0,6024
1,8982
1,4773
1,1201
1,3132
0,9408
0,7592
0,6440
1,4317
1,1665
1,4125
1,1457
0,4919
0,3300
0,6672
1,2014
1,7566
1,2828
1,5231
0,1691
0,40
0,5003
0,2226
1,7754
1,6686
1,5467
1,2642
1,8378
1,3790
1,7330
1,9098
1,2470
0,914
1,7102
0,8976
0,128
1,4787
0,5655
0,9065
0,6811
1,9859
1,1208
0,1806
0,4548
0,8385
1,9257
1,4910
1,9633
1,3309
0,783
0,9401
0,6449
1,3907
1,5836
0,8715
0,777
1,8527
0,2821
1,545
0,5238
0,49
0,1698
1,7937
1,8143
1,2479
1,9091
0,121
1,3799
0,8371
0,313
0,7339
0,4321
1,82
1,1653
1,3104
1,6476
0,3938
1,3336
1,6644
0,7796
0,4113
0,1461
1,3752
1,2680
1,9268
0,6220
0,1839
1,4577
0,1005
0,5697
1,4745
1,1237
0,3560
1,8188
1,9866
0,6012
1,2674
1,7306
0,5451
0,4583
1,5663
1,7908
0,3594
1,922
0,2446
0,7134
0,8940
0,9892
1,5207
1,76
0,2022
0,8518
0,6482
0,7550
0,2210
0,748
0,7762
1,5035
1,1495
0,5809
1,5469
1,8376
1,314
1,8144
0,7930
1,9096
0,8978
0,126
0,4789
0,8520
1,2826
1,542
0,7568
1,5831
0,2228
0,8712
1,6688
1,770
1,9406
0,3900
0,4319
0,4917
1,1459
0,9634
0,784
0,1801
1,8382
1,9250
1,6218
0,3558
1,6816
1,9062
1,2217
1,7765
0,5032
0,1492
0,5200
1,71
0,2025
1,6485
1,2819
0,7557
1,5664
1,3593
0,925
0,2441
1,8947
0,119
0,7133
1,9895
1,8349
1,2673
0,7301
1,5456
1,4584
0,5690
1,4742
0,1230
1,3567
0,6829
0,6015
1,9861
1,3755
0,2687
0,6227
0,4570
1,1002
0,3331
0,6643
1,7791
0,4114
0,4928
0,1466
1,4326
0,85
0,1654
1,9439
1,3103
0,6471
0,589
1,3352
1,2280
1,9668
1,6620
1,4177
1,5899
1,1405
0,5297
0,4345
0,1637
0,3160
0,8588
0,6412
0,4721
0,1253
0,3504
0,7998
0,6076
0,9802
0,3736
1,6244
0,7396
1,4513
1,1061
1,5607
1,2422
1,8118
0,946
0,6082
1,8924
1,7150
1,2610
0,7362
0,348
0,5435
0,1095
1,2274
1,7706
0,5051
1,4183
1,5263
1,12
1,3194
0,2046
1,7534
1,1862
1,9233
1,3709
0,383
1,6875
0,9001
1,6049
1,9465
1,3963
0,1608
1,4148
1,4974
1,8785
0,9657
0,8543
1,2079
1,9491
1,3997
0,521
1,2845
0,5852
0,4980
0,3399
0,8771
1,7739
1,713
1,1896
0,8315
1,377
0,6881
1,8127
0,979
1,7953
0,145
0,5638
1,1298
0,5264
1,15
1,3193
0,2041
0,7533
0,519
0,8749
0,2273
0,7701
0,5056
0,4184
1,2617
0,7365
0,5432
1,1092
0,5600
0,2425
1,941
1,6085
0,7157
0,8923
1,3731
1,6243
1,7391
1,4514
0,1066
1,4726
0,1254
0,9039
0,3503
0,9805
1,6071
1,189
0,5290
1,4342
1,1630
0,3167
1,2889
0,6415
0,3355
0,2287
1,6627
0,4170
1,1402
0,6886
0,7954
1,8120
1,7168
1,142
0,1891
1,2628
0,8312
1,6288
1,370
1,5069
0,5855
0,4987
1,8776
1,714
1,8544
1,9496
1,3990
0,526
1,2842
1,4389
0,4973
1,8782
0,9650
1,6618
0,3158
0,9462
1,3964
0,9006
0,6872
1,4719
1,1865
0,1059
1,9234
0,384
1,1898
1,5404
0,2621
0,379
0,7353
0,6281
0,8129
1,977
1,2413
1,7161
1,8915
1,5636
1,1296
1,2077
1,7505
0,3999
1,4380
0,5252
1,23
1,5060
0,2245
0,3397
1,7737
0,2083
1,3151
1,6423
0,4374
1,1606
0,4146
0,5094
0,1434
0,9659
0,3363
0,6611
1,4522
0,1050
1,3707
1,6275
1,983
1,3535
1,7195
1,9833
1,6047
1,4710
0,1262
0,9692
1,8740
0,722
1,7708
0,5863
1,2048
1,8572
0,2874
1,510
1,5609
0,7962
0,8116
1,948
1,174
1,8324
1,346
0,7996
0,9030
0,6844
0,180
0,6078
1,3738
1,9202
0,7398
0,1853
1,9666
0,4179
0,4945
1,5897
0,5299
1,1639
0,9454
1,8586
1,2880
0,3952
0,984
0,3532
0,9008
0,7192
0,6040
0,9834
1,4717
0,1265
1,4525
1,1057
0,3700
1,6272
1,4141
1,5093
1,1433
0,3364
0,6616
0,2084
0,3156
1,6424
0,4373
0,1601
1,5067
0,4989
1,2242
0,8778
0,3390
0,7730
1,9498
1,2070
1,528
0,7502
0,4387
1,5255
1,24
1,970
0,6888
1,2414
0,8912
0,7166
1,5631
1,1291
1,5403
0,2626
0,7354
0,6286
1,9453
0,8581
0,3169
0,2887
1,3955
0,9661
0,2289
0,6629
0,4942
0,5890
1,9205
0,1854
1,1068
1,4728
1,7991
0,6843
1,9037
1,187
1,8323
1,2619
1,341
0,8111
1,7965
0,173
1,7159
1,8575
0,2873
0,517
0,9695
1,8747
1,725
1,5058
0,5864
0,4916
0,1458
1,785
1,9635
1,3901
1,9407
0,4318
1,3559
0,9063
1,6817
1,1800
0,6219
1,8383
0,9251
1,127
1,8979
0,7931
0,8145
1,9097
0,4788
0,5468
0,315
1,8377
1,5830
0,6689
0,771
1,2229
0,8713
1,2827
1,7569
1,543
0,8521
1,6226
1,3754
1,2686
1,1003
0,4571
1,1231
0,5691
0,4743
1,9860
0,6014
0,3566
0,6828
1,84
0,1655
0,4327
1,6470
0,588
1,9438
0,3102
0,6642
0,7790
0,3330
0,4929
1,1467
1,4115
0,70
1,5201
0,2818
0,6484
0,7556
0,2024
1,7764
0,2216
1,1493
1,5033
0,7300
1,8348
0,2672
1,5457
0,4585
0,5665
0,7132
1,118
0,8946
0,9894
1,924
1,3592
0,2440
1,2820
0,544
0,8526
0,48
1,1699
0,5239
0,5837
0,776
1,8714
1,7338
0,312
1,8370
0,3798
1,120
0,8142
1,7936
0,9090
0,2478
0,1807
1,4549
1,8384
0,9256
1,9858
1,6810
1,9064
1,1209
1,6448
1,3906
0,9400
0,4911
0,782
1,9632
0,3308
1,5662
1,8941
1,7135
1,9893
0,923
0,3595
1,7909
0,2447
0,7307
0,2675
0,5450
1,4582
0,7763
0,749
1,2211
0,5808
1,1494
0,5034
0,77
0,5206
1,6483
0,7551
0,2023
1,8519
1,6645
0,7797
0,3337
0,1460
0,4112
1,83
1,1652
0,4320
1,6477
0,3939
1,3105
0,1236
0,5696
0,4744
0,6013
0,9867
0,8189
1,3561
1,6221
0,3753
0,9269
1,2681
0,1004
1,1838
0,4576
1,324
0,9294
1,8346
1,5459
0,116
1,8948
0,8174
1,7900
1,572
1,7558
0,2816
1,8510
1,740
0,8722
0,2218
1,5801
0,4329
0,3930
1,586
1,9436
0,9604
0,1469
1,4927
0,6228
1,2688
0,9260
0,1831
0,6826
0,9052
0,3568
1,8180
1,5002
0,7755
0,6687
0,2227
1,7567
1,2829
1,2015
0,1690
1,41
0,5230
1,129
1,8977
0,7103
1,2471
0,9099
0,915
0,4786
1,5654
1,5466
1,7331
0,2643
1,3791
1,8379
0,6025
0,9851
1,8983
0,6819
0,2485
0,3557
0,1200
0,4772
1,1032
1,4540
1,5492
0,6217
1,3765
0,1456
0,4918
0,4124
1,6673
1,3301
0,7593
0,6441
1,3133
0,9409
1,1664
1,4316
0,1238
1,5698
1,9869
0,9055
0,6821
0,8187
1,9267
0,4578
0,1836
0,7799
0,3339
0,9603
1,4920
0,3937
1,581
0,6479
0,9431
0,747
1,8725
0,5806
0,79
0,5208
1,575
0,2811
1,8517
1,111
0,2449
0,7907
1,8173
0,323
0,7309
0,9293
1,8341
1,7594
0,3908
0,6446
0,3134
1,1663
0,4311
0,1451
0,4123
1,6674
0,3306
1,1035
0,4547
1,1809
0,5495
0,6210
0,9258
1,3762
0,9856
1,6022
1,8984
0,2482
0,3550
0,1207
0,4775
0,5461
0,7336
0,2644
1,3796
0,7104
0,8970
1,2476
0,7938
1,912
1,4781
1,5653
1,7560
0,8528
0,2012
1,1697
0,46
1,5237
0,5839
1,5005
1,778
0,7752
0,6680
1,2220
1,9588
1,2160
1,438
1,7412
1,5345
0,4297
1,5177
1,4899
1,8668
0,3280
0,2352
1,7620
0,5513
1,2736
0,6396
0,7244
0,6998
0,2504
0,860
1,8802
0,7076
0,5721
0,1381
0,4435
0,1147
1,3610
1,6362
0,9118
1,894
1,3422
0,6150
1,9924
1,7082
1,4607
1,1375
1,3046
1,2194
0,6534
0,4263
1,1711
0,5183
0,4051
0,1523
0,3274
1,6706
0,8001
1,7875
1,7049
0,2709
0,8233
1,251
1,8657
0,9785
0,635
1,5148
1,5974
0,8465
1,407
1,2963
1,9771
1,2399
0,6739
0,5980
0,4852
1,8491
0,3079
1,9543
1,3845
1,2997
1,4638
1,6953
1,9127
0,7881
1,9315
0,1944
1,1178
0,5184
0,4056
0,1524
1,3273
1,9749
0,6701
1,3041
1,2193
0,6533
1,4264
0,1716
0,893
1,3425
0,9923
1,6157
1,7085
1,4600
0,1372
0,4432
0,1140
1,3617
0,6365
1,2503
0,8039
0,867
0,7071
1,8805
1,5726
0,1386
1,1988
1,5514
0,2731
1,6391
0,269
1,7243
0,5170
0,3287
1,2355
0,7627
1,2167
0,7415
0,3889
1,5342
1,4290
1,9312
1,3628
1,7288
0,1943
0,9120
0,6954
1,7886
1,6168
0,5389
1,1729
1,8496
1,9544
0,3842
0,2990
0,9776
0,4069
1,5987
1,4855
1,8462
0,2158
0,400
1,2964
1,8650
0,9782
0,632
1,7618
0,5973
0,8234
0,256
0,5719
0,7872
1,8006
1,858
1,4636
0,1344
1,3413
1,9129
0,9915
1,6161
0,3621
1,7281
1,6353
0,4404
0,1176
1,2397
0,3245
1,6737
1,4060
0,1512
0,4252
0,5380
1,1720
1,3077
1,2999
1,6505
0,2363
0,8659
0,7611
1,4094
1,5146
1,5374
1,2151
0,3083
1,7423
1,409
1,5710
1,851
0,2535
1,7047
1,8833
0,6195
0,2707
1,7275
1,5522
1,1182
1,9572
1,3048
0,3874
1,4863
0,9740
1,8692
0,6708
0,1975
1,1149
0,9324
0,294
1,9116
0,6962
1,4609
0,1981
1,8202
1,2738
1,260
1,6398
0,7844
1,8030
0,6996
1,7078
1,9586
1,8454
1,2952
1,3880
1,436
0,4299
1,5179
1,4897
1,5945
1,8666
1,604
1,2700
1,7272
1,258
1,5525
1,1185
1,5717
1,8008
1,856
0,2532
0,8834
0,7040
0,6192
0,5373
1,2156
1,3084
1,7424
1,2364
0,7616
1,4093
1,5141
1,4255
0,5387
1,1727
1,3070
1,8498
0,6502
1,2390
1,9778
1,3242
1,6730
0,4067
0,5989
1,1515
0,3626
0,7286
1,6354
0,4403
1,1171
1,4631
0,1343
1,3414
0,7888
1,6166
1,9912
0,4890
1,5942
0,3289
0,8661
1,7629
0,603
0,2169
0,9581
1,8453
0,2955
0,3887
1,431
0,8037
0,869
0,7843
0,6991
0,5728
0,1388
1,1986
1,8205
0,267
0,6965
0,9111
0,6159
0,1972
1,3619
0,9323
1,293
1,4058
1,4864
1,9747
0,8695
0,9575
1,3873
0,1718
1,5318
0,2901
0,465
0,8407
0,657
0,8635
0,5916
0,233
1,7219
1,8251
0,9383
0,7817
1,8063
1,2559
1,9377
1,1926
1,4468
1,1328
1,5788
1,9979
1,8097
1,9145
0,6931
0,6569
0,3827
0,491
0,9521
1,7689
1,9713
0,3229
0,4830
0,7014
0,8860
0,7828
0,802
1,2566
0,5743
0,4691
1,5571
1,7226
0,3686
1,2754
0,5929
1,5115
1,6790
1,668
0,7642
0,2330
1,7470
1,2102
0,8438
1,1787
0,5327
1,1541
0,4033
1,6764
1,3216
1,6556
0,7484
0,3818
0,9
0,3024
0,1773
1,4201
1,8894
1,9946
1,6132
1,3440
1,2592
0,1317
1,4665
0,1125
0,1919
1,5585
1,4457
1,6300
0,3672
1,9348
0,9714
0,4837
0,1579
1,4239
1,3820
1,496
1,9526
1,3478
1,8090
0,6936
0,9142
1,6338
1,2798
1,9370
0,1921
0,8858
1,8064
1,7810
1,234
1,8256
1,9384
0,5549
0,650
1,2308
1,8632
1,5911
0,2906
0,462
0,7448
0,8400
1,1122
0,5582
1,4450
0,6307
0,3675
0,8893
1,6135
1,9941
0,3447
0,6909
0,2595
0,1310
1,4662
0,6551
1,7483
0,9519
0,3023
0,1774
1,4206
0,4808
0,1546
0,4034
1,6763
1,3211
0,2939
0,7477
1,2105
0,1780
1,5320
1,5112
1,6797
1,7645
1,2337
0,5576
0,7221
1,3681
0,8269
1,2753
1,8867
1,7013
1,805
0,2561
1,9189
0,5744
1,4696
0,9948
1,6900
0,9174
1,1319
1,4459
0,1917
0,9346
0,8294
0,4801
1,692
1,3218
1,9722
1,3816
1,7
1,6558
1,9510
1,5927
0,666
1,8604
1,454
1,2930
1,8436
1,1789
1,5329
0,9180
0,2568
1,8052
0,7826
0,7228
1,202
1,8260
1,3688
0,1742
0,4230
0,3829
0,6567
1,3015
1,7687
0,6755
1,3227
1,1570
1,4002
1,6331
0,9379
1,2791
0,3643
1,1114
1,4466
0,1928
1,1326
1,4654
0,5786
1,6103
0,9977
1,8099
0,3471
1,7217
0,2765
0,4492
0,5540
1,5772
0,9983
1,8851
0,7025
1,2557
1,833
1,3485
1,7819
1,5316
0,7441
1,6593
1,8409
1,2133
0,7673
0,659
0,2301
1,5918
0,1584
1,5124
0,5578
1,205
1,8267
1,8869
0,9187
1,7821
0,8055
1,4698
1,7479
0,453
1,2937
0,8431
0,5920
1,661
1,6799
0,8603
1,2339
1,0
0,3811
1,9517
0,4208
1,1548
1,4806
1,695
1,9725
1,1910
0,6309
1,9341
0,8293
1,9173
1,6907
1,3449
1,7674
0,2306
0,1583
0,5123
0,5311
1,7446
1,2908
0,6594
0,2134
0,5775
1,9984
1,7022
0,8856
1,2550
0,834
1,3482
1,7210
0,2762
0,8258
0,4495
0,5547
0,1321
0,4653
0,5781
0,9970
1,6104
0,6938
1,3476
1,6336
0,2796
1,3644
0,1113
0,4461
1,7680
0,6752
0,3220
1,1577
1,4839
0,4005
0,1745
1,4237
0,498
1,6560
1,3012
0,9528
1,6731
0,9779
0,2391
1,3243
1,1514
1,5988
0,4066
1,1726
0,4254
0,5386
1,6503
1,8499
0,3071
0,1342
1,4630
1,9913
0,6167
1,7889
1,3415
1,7287
0,6355
0,3627
0,1170
1,4402
0,5716
0,7041
1,8835
0,6193
0,857
1,8009
1,2533
1,259
0,7273
0,2701
1,1184
0,5524
1,7617
0,2365
0,4092
1,5140
1,5372
0,7425
1,2157
1,3085
1,1973
0,292
0,3618
1,9322
0,6158
0,9110
1,6964
0,3872
1,9574
1,1719
1,4865
1,4059
0,9746
1,8694
0,2954
0,430
0,3886
0,9580
1,2168
1,8452
0,4891
1,5943
0,602
1,7628
1,8660
1,3288
0,1987
0,266
0,8204
1,7842
0,868
1,8036
0,6990
0,1389
0,5729
0,5375
1,408
1,7422
1,2150
0,3082
0,7610
0,2362
0,8658
1,4095
1,5147
0,7274
0,2706
1,1183
1,5523
0,5711
0,8832
1,7046
0,6194
1,850
0,2534
0,7280
1,6352
1,3620
0,1177
0,4405
1,1345
0,4637
1,6160
1,9914
1,3412
0,9128
0,1721
0,4253
1,5381
1,6504
1,2998
1,3076
0,6736
1,2396
0,3244
0,1513
1,4061
0,7079
1,8031
0,7845
1,6997
1,1980
0,261
0,6399
1,8203
0,2739
0,4896
0,5944
1,5178
1,605
1,8667
1,2953
0,437
1,3881
0,9587
0,8455
1,4298
1,4862
0,6709
0,9741
1,8693
0,3875
0,9573
1,3049
0,6963
0,9117
1,4608
0,1148
0,1974
1,295
0,9325
1,5515
0,1989
0,6390
0,7242
0,268
0,2730
1,8804
0,7070
1,2502
0,866
0,8038
1,1387
0,5727
1,3888
1,7414
1,2166
1,5343
1,4291
0,5171
1,7626
1,3286
0,2354
1,6532
1,3040
0,2192
0,1717
1,4265
1,1525
1,5185
1,4057
1,6700
1,3272
1,9748
1,1141
1,4433
0,6364
0,3616
1,6156
0,9922
1,7084
1,3424
0,892
1,1373
0,4601
1,7619
0,633
1,8651
1,9783
0,5972
1,401
0,2965
1,8463
0,2159
0,5718
1,859
0,8007
0,7873
1,257
1,8235
0,6169
0,6955
0,9121
0,7887
1,7289
1,9313
1,3629
1,1942
0,9777
0,5986
0,4854
0,4068
1,1728
1,5388
0,3843
0,2991
1,8497
0,9545
1,9925
1,6151
1,7083
1,9119
1,3423
1,895
0,1374
1,4606
0,1146
0,4434
0,6363
0,3611
1,1522
0,5182
1,4050
1,6707
1,3275
1,6535
0,3047
0,2195
1,1710
1,4262
1,4898
0,5176
0,7621
1,3281
0,8669
1,2353
1,7413
1,439
1,2161
1,9589
1,5344
0,4296
0,7077
1,8803
1,2505
1,6999
1,861
0,1380
0,5720
1,5512
0,6397
0,7245
0,2737
0,3844
0,2996
0,3078
1,8490
0,9542
0,6738
0,2398
1,9770
0,5981
0,4853
1,9314
0,1179
0,1945
0,4639
0,9126
0,6952
1,7880
0,250
1,2708
0,8232
1,7048
0,7874
0,8000
1,406
1,2962
1,8464
0,634
1,8656
1,9784
1,5975
1,5149
0,1549
0,4807
0,9724
1,694
1,9516
0,1
0,3810
1,4209
1,6906
0,9172
0,3448
1,1911
0,9340
1,8292
1,6308
0,9186
0,8054
0,7820
1,8868
0,4699
0,5579
0,8266
1,204
0,5921
1,8602
1,2338
0,660
1,6798
0,8430
0,452
0,7478
0,2936
0,2797
0,3645
1,6337
1,4460
1,1112
0,4652
0,5780
0,1320
0,6939
0,3477
1,6105
0,9971
0,4236
1,1744
1,3013
0,9529
1,499
0,6561
0,3221
0,7681
0,6753
1,4004
0,1576
0,4838
0,5310
0,2135
0,7447
0,6595
1,2909
1,2307
0,7675
1,5122
0,1582
0,2763
1,8259
1,7211
1,4494
1,5546
0,5774
0,2551
1,3483
0,835
1,9985
1,8857
1,7023
1,8437
1,455
1,2931
0,5328
1,1788
1,5926
1,8605
1,667
0,3689
1,8261
1,203
0,7229
1,2569
0,9181
1,7827
0,8053
0,4458
1,1916
1,9347
0,8295
1,9175
0,6901
0,9949
1,1318
1,9511
1,3817
1,6
0,6559
0,4800
1,3219
1,9723
0,693
0,5773
0,2556
1,7818
1,3484
1,832
0,9982
1,7024
1,8850
0,2764
0,7216
1,4493
1,5541
0,2300
1,658
0,7672
0,5125
1,1585
1,5919
0,5317
1,8408
1,2132
0,7440
1,6592
0,3226
0,7686
0,6754
0,4003
1,1571
1,4231
1,1743
0,3014
0,3828
1,6566
1,4655
1,5787
1,1327
0,3470
1,8098
1,9976
0,6102
1,2790
0,9378
1,3642
0,6330
0,4467
1,1929
1,1115
0,8257
0,9385
0,235
0,5548
1,7811
0,8065
1,8859
1,8401
1,2907
1,7449
1,463
0,2309
1,8633
1,651
1,5910
1,4238
1,9527
1,497
1,3821
1,9715
0,4836
0,1578
1,9371
0,2799
1,6339
1,1920
1,8091
1,3479
0,9143
0,6937
1,5113
1,2336
0,6796
1,7644
1,2104
1,2938
1,7476
1,5321
1,1781
0,804
1,9188
0,2560
1,7012
1,8866
1,5745
1,4697
0,5577
0,8268
0,3680
0,2752
0,7220
0,3446
0,2594
1,6908
0,8892
0,9940
1,6134
0,4663
0,1311
0,5583
1,4451
1,1123
0,3674
1,6306
1,4035
0,4809
0,1547
1,3210
1,6762
1,9518
0,3022
0,6550
1,7482
1,4207
0,1775
0,5789
1,1329
0,8096
1,6930
0,9144
0,9978
0,9376
0,1927
0,4469
1,9712
1,3228
1,7688
1,4831
0,9520
1,6568
0,490
1,3826
0,8634
0,656
1,5917
1,5319
0,8406
1,2900
1,464
1,8062
0,7816
0,2558
0,8250
1,9382
0,7218
1,232
1,3025
0,6557
0,3819
0,8
0,7485
1,4200
1,1772
0,4032
0,1540
0,3217
0,6765
0,5584
1,1918
1,4456
0,1124
1,3673
0,9349
1,6301
1,3441
0,2593
1,8895
0,6133
1,9947
1,4664
0,1316
0,5570
0,3687
0,2755
1,7227
1,803
1,7829
1,2567
1,8861
0,7015
1,5742
1,4690
1,2103
1,8439
1,7471
0,5326
0,1786
0,5114
0,5928
0,2331
0,6791
0,7643
1,669
1,9159
0,3463
0,9965
0,6111
0,4646
0,5794
1,1334
0,4474
1,1106
1,2783
0,3651
0,6323
1,4010
1,1562
0,3235
0,7695
0,6747
1,3007
1,6575
0,4222
0,1750
1,5136
0,1596
0,8629
0,2313
0,7661
0,2121
0,7453
1,479
1,6581
0,5304
0,2545
0,3497
1,821
1,9991
0,7037
1,8843
1,5760
1,4480
1,5552
0,2777
1,7205
1,3038
0,9502
1,7498
1,3804
0,9730
0,680
1,6778
1,4813
1,9354
0,8286
1,1905
1,5599
1,1139
1,4679
0,9166
0,6912
1,8888
0,2748
0,8272
1,210
1,9192
0,7834
0,8040
1,7008
0,8424
0,446
0,2922
1,8616
1,674
0,5109
0,5935
1,4487
0,5555
1,9398
0,2770
1,7202
1,228
1,2542
0,8078
1,3490
0,826
0,9996
1,8844
0,7030
1,5767
0,2126
0,7454
0,6586
0,5303
0,5131
0,1591
0,2314
0,7666
1,3000
0,6572
0,4225
0,1757
0,4017
1,1565
0,3232
0,9708
0,7692
1,6740
1,4473
1,1101
0,2784
0,3656
0,6324
0,3464
1,6116
1,9962
0,4641
0,5793
1,1333
0,8611
0,7659
0,673
1,5932
1,8423
0,2119
0,441
0,2925
0,5758
0,9195
0,8047
0,819
1,7833
1,8275
1,217
0,6915
1,9161
1,2589
1,6129
0,9353
1,8281
0,3669
1,1902
0,9737
0,687
1,4028
0,4814
1,1768
0,9505
0,3803
1,5335
1,1795
0,2110
1,448
1,7462
1,2322
1,8618
0,6782
0,7650
0,5107
1,3694
1,2746
1,7234
1,5563
0,5751
1,4683
0,810
1,2574
0,8872
1,7006
1,3660
0,8288
1,6312
0,5597
1,4445
0,1137
0,4677
0,1305
0,3452
1,2580
1,9168
0,8886
1,6120
1,9954
0,4213
0,1761
0,3036
0,6544
0,7496
0,3204
0,6776
0,4021
1,1553
1,3499
0,8071
0,7805
1,7039
1,8243
0,2779
1,9391
0,221
0,5138
1,5904
0,1598
1,8627
0,645
0,8415
1,2913
0,477
1,4822
1,9701
0,6749
1,9533
1,3009
1,483
1,3835
0,8085
1,6923
1,9157
0,4648
0,1934
1,1108
0,9365
0,9739
0,3203
0,6771
0,689
1,4026
0,1554
1,4214
1,1766
1,3031
1,6543
1,7491
1,4670
1,1302
1,3455
0,2587
0,8881
0,9953
0,6127
0,3667
0,6315
1,5590
0,4442
0,1130
0,5756
0,4684
0,8049
0,817
1,2573
0,7001
1,8875
1,3693
0,2741
0,219
1,7233
1,5564
0,2325
1,6785
1,7657
0,5100
1,5332
1,1792
1,2117
0,7465
1,1933
1,3658
0,9362
0,8082
0,9150
1,6924
1,6118
1,9534
1,484
0,3832
0,1759
0,4019
1,4825
1,9706
0,2128
0,8412
1,2914
1,6588
1,470
0,5903
0,8620
1,642
1,7668
0,4489
0,8244
0,9396
1,226
0,7802
1,8076
0,828
1,9998
0,5769
0,1369
1,9938
1,888
0,6970
0,9104
0,286
1,9336
1,1967
0,4429
0,9752
0,3268
0,8680
1,4871
0,6528
0,3866
1,2188
1,9560
0,616
0,8674
0,4885
1,5957
0,5359
1,2940
1,424
0,3892
0,9594
1,8446
1,8022
0,7856
1,6984
0,2518
0,7258
0,272
1,8210
0,1993
0,6517
1,3859
0,3065
0,1732
0,4240
0,5392
1,1500
0,4072
0,6725
1,2385
0,3257
1,1164
0,1958
1,4416
1,7293
0,6341
0,3633
1,9309
0,6173
0,9907
0,3401
1,1356
0,4624
1,1190
0,5530
0,7267
0,2715
0,8821
0,7055
1,6187
1,843
0,7869
0,2527
1,5702
0,7431
1,2143
1,3091
0,8479
1,5366
1,5968
0,4086
1,5154
1,7603
1,629
0,2371
1,9799
1,275
1,8217
0,1994
0,5508
1,8819
1,7851
1,8025
1,6983
0,2947
1,7409
0,423
1,3895
0,9593
1,8441
0,611
0,2349
1,8673
1,4882
1,5950
0,4278
1,3861
1,9567
1,9755
0,8687
1,4876
0,1538
1,5198
1,281
0,6379
0,9331
0,1960
0,7099
0,3439
1,9103
0,6977
1,4081
1,5153
1,7604
1,2376
1,2978
0,7436
0,2144
1,3096
1,5361
1,7052
0,8826
0,6180
1,844
1,2520
0,5705
0,1197
0,5537
1,7260
0,8228
1,2712
1,9900
0,6174
1,3406
1,6948
1,1351
0,4623
0,1163
1,4411
1,7294
1,6346
0,3634
0,4849
1,1507
0,4075
0,6722
1,2382
0,3250
1,6510
1,9558
1,3062
1,1735
1,4247
0,5395
0,415
1,2971
0,8477
1,5368
0,5966
0,4088
1,627
1,8645
1,9797
1,243
1,7269
0,8221
1,6189
1,2529
0,7867
1,8013
0,4418
0,1956
1,9307
1,9909
0,9135
0,6941
0,7893
1,1358
0,3857
1,2985
1,6519
0,8483
0,9551
1,5992
0,4840
0,3259
0,9763
0,1393
1,5733
1,7064
0,8810
0,2516
0,7858
1,872
0,6384
0,7256
1,2724
1,5501
0,618
1,7632
1,3292
0,2340
0,5959
0,5165
0,5357
1,4285
1,7400
0,8448
1,2172
0,6714
1,3266
0,1531
0,5191
0,4043
1,1703
0,4271
1,3868
1,6526
1,3054
1,2186
0,1367
0,4615
0,9936
0,6142
1,7090
0,3430
1,886
0,6370
0,288
1,9338
0,3602
1,1155
0,4427
0,1969
0,5995
1,1509
1,4847
0,9764
0,3850
1,2982
0,8484
0,9556
1,4249
1,6946
0,9132
1,3408
0,7894
1,1951
1,6348
1,9300
1,8828
1,8014
0,7860
0,1199
0,5539
0,244
0,8226
1,5961
1,620
1,8642
0,9790
1,2378
0,412
0,7438
0,2976
0,8470
1,3098
0,6377
0,3605
0,1152
1,4420
0,1360
1,4612
1,6145
1,9931
1,7097
1,6979
0,3437
0,881
0,1704
0,4276
1,6521
1,3053
1,9569
1,2181
1,6713
1,8689
0,3261
0,1536
1,4878
1,5196
1,4044
0,5350
1,4282
1,7407
0,2949
1,2175
1,7635
0,3295
1,2347
1,5162
1,6383
1,7251
0,2723
0,8219
0,5506
1,1394
0,5734
1,8817
1,7063
0,2511
0,875
0,7232
0,218
0,3692
0,2740
0,5565
0,5757
0,4685
1,8874
1,7000
1,816
0,8048
0,2572
0,1793
1,5333
0,7464
1,2116
0,6784
0,7656
1,2324
1,5101
0,1767
1,4215
0,6542
1,7490
1,3030
0,6770
0,688
0,9738
0,3202
0,1555
0,4027
0,6314
0,3666
1,1131
0,5591
1,4443
0,1303
0,4671
1,8880
1,6126
0,9952
0,3454
0,2586
0,5902
0,7669
0,643
1,8621
0,6589
1,2915
0,471
1,2129
1,8413
0,9999
0,829
0,8077
1,7803
0,5768
1,4488
0,227
0,8245
0,9397
1,6119
1,8083
0,6925
0,9151
0,1932
0,3659
1,9363
0,4824
0,4018
1,9707
0,3833
1,485
0,9535
0,1758
0,1304
0,4676
0,8887
1,9955
0,6121
1,3453
0,9169
0,2581
1,6313
1,8289
1,3661
0,1136
1,5596
1,4444
0,6777
0,3205
1,1552
1,4020
0,1760
0,4212
0,6545
0,7497
0,3037
1,6783
1,7651
0,2323
1,8619
0,5106
0,1794
1,5334
0,7463
1,449
0,2111
1,5750
0,4682
0,7007
1,8873
0,811
1,2575
1,7235
0,3695
0,2747
1,5562
0,3834
1,482
1,9532
1,3008
0,4823
0,6748
1,9700
1,1109
1,1935
0,9364
1,8084
1,9156
1,6922
0,4649
0,220
0,8242
1,9390
0,2778
1,7038
0,7804
0,8070
0,3498
1,2912
0,476
0,8414
0,1599
0,5905
1,5139
0,644
0,8626
1,1564
1,4016
0,7693
0,6741
1,3233
1,9709
0,6573
0,3001
1,1756
1,4224
0,9963
1,6117
1,3465
1,1332
1,4640
1,5792
1,1100
0,4472
1,6325
1,2785
1,3657
0,9997
1,7031
0,8845
1,2543
1,827
1,3491
1,8079
1,5766
0,4486
1,5554
1,229
0,7203
1,2771
1,9399
1,1590
1,5130
0,7667
1,2315
0,7455
0,6587
0,2127
0,5302
0,9352
1,3668
1,8280
1,1903
1,6128
0,2588
0,9160
1,6914
1,1769
0,3802
0,9504
0,686
1,9736
1,4815
0,4029
0,440
1,2924
0,8422
0,2118
0,672
1,7658
1,8610
0,5933
0,216
0,8274
1,5759
1,9194
1,7832
0,818
1,8046
0,478
0,7452
1,6580
1,2120
0,5305
1,1597
1,5137
1,7660
0,8628
0,2312
1,4481
1,5553
1,7204
0,2776
1,9990
0,8842
0,7036
0,2544
0,820
0,3496
1,5761
1,1107
0,4475
0,6322
0,2782
1,3650
0,6110
1,9964
1,9158
1,3462
0,1335
0,4647
0,5795
1,6574
1,3006
1,1751
0,4223
0,1563
0,4011
0,7694
0,6746
1,3234
0,7009
0,9193
0,8041
0,7835
0,211
1,2749
0,8273
1,675
1,8617
0,5934
0,5108
1,447
0,2923
1,8425
1,681
0,6779
1,9731
1,4812
1,3805
0,7499
1,3039
0,9503
1,4678
0,8889
1,6913
1,9167
0,9355
1,8287
0,1138
0,5598
0,1904
1,5538
0,1198
0,8227
0,245
1,7861
0,8015
0,8829
0,3099
0,8471
0,7439
0,413
0,2977
1,5960
0,8643
1,2379
0,9791
1,621
0,8485
1,9557
0,3851
1,2983
0,4248
1,1508
1,5994
1,4846
1,9765
0,1950
0,9301
0,6349
0,9133
0,6947
0,7895
1,3409
1,3294
1,2346
1,7634
1,5163
0,5351
1,4283
1,2174
1,7406
1,2948
1,5735
0,1395
1,2510
1,874
1,7062
1,8816
0,2722
0,8218
0,6382
0,7250
1,5507
0,4613
1,1361
0,6978
1,880
0,3436
0,9930
1,6144
0,7096
1,3604
1,6376
1,4421
0,1153
0,3260
1,8688
0,6712
1,5197
0,4045
0,1537
0,4879
1,4277
0,1705
1,3052
1,2180
1,9568
1,6520
0,6940
1,9134
1,7892
1,9908
1,1359
1,4419
0,1957
1,9306
0,5993
0,4841
0,3258
1,9762
1,8482
0,9550
1,3856
0,6518
0,2984
1,4089
0,5967
1,8644
0,9796
1,626
1,8476
1,414
1,2970
0,5369
0,2528
1,8012
1,7866
1,6188
0,8220
1,7268
1,242
1,4270
1,1702
0,3055
0,2187
0,3869
0,6527
1,3267
1,6715
1,5190
1,4042
0,1530
0,9339
0,3603
1,6371
0,289
0,4426
1,1968
1,1154
0,4614
0,1366
1,887
0,3431
0,6143
0,9937
1,7091
0,2725
0,6385
1,7257
0,5500
0,5732
0,1392
0,2517
0,873
0,7859
0,8811
1,7065
1,5356
0,4284
0,8449
1,2173
0,7401
1,3293
1,2341
0,7633
1,619
0,5164
0,5958
1,9754
1,8686
0,5199
1,4877
1,1539
0,4279
1,9566
1,3860
1,3438
0,6976
0,9102
0,7098
1,9330
0,280
0,6378
0,1961
0,8024
1,7850
0,6982
1,8818
1,8216
0,274
1,5509
0,1995
1,2348
0,8672
1,610
0,4883
0,5951
0,9592
1,8440
1,2946
1,3894
0,422
0,7408
1,4410
0,1162
1,3635
0,7295
1,6347
1,3407
1,6949
1,6175
0,9901
1,4622
0,1350
0,9559
0,3063
0,6511
1,4246
1,5394
0,1734
0,4074
0,4848
1,1506
1,2383
0,3251
1,6723
1,2145
0,3097
0,2979
1,7437
0,5360
1,4080
0,5152
0,2377
0,7605
1,5536
1,1196
0,8229
0,2713
1,7261
1,845
1,2521
0,8827
0,7053
1,6181
1,5704
1,5358
0,9595
0,8447
1,2941
0,3893
1,425
0,8675
0,617
0,4884
1,5956
1,8211
1,273
1,7259
0,1992
1,7857
1,8023
1,2519
1,6985
1,9337
0,287
1,1966
1,4428
1,1368
1,889
1,9105
0,6971
1,9939
1,9561
0,2189
1,6529
0,3867
0,9753
0,8681
0,3269
0,4870
0,7868
0,842
1,2526
1,7054
0,8820
1,6186
1,5703
1,5531
1,1191
0,2714
1,7266
1,4087
1,5155
1,5969
0,9798
0,2370
0,628
1,7602
0,2142
1,8478
1,3090
1,7430
0,5367
1,4073
0,1501
1,2384
1,3256
1,6724
1,3064
1,6516
0,3858
1,4241
0,5393
1,1733
0,3400
0,9906
0,6172
0,4625
0,1357
0,1959
1,4417
0,1165
1,3632
1,9308
0,7292
1,6340
0,6000
1,9874
0,3572
0,9048
1,1225
1,5685
0,4757
0,1017
0,4565
0,6232
0,3740
0,2692
1,1473
0,4101
0,6656
1,7784
1,3324
1,6464
1,3116
1,90
1,1641
1,4333
1,1487
0,5027
1,7770
1,2202
1,8738
0,6490
0,568
1,7542
1,2030
1,64
1,5215
1,8952
1,7126
0,9880
1,930
1,3586
0,2454
0,5671
0,5443
1,4591
0,7314
0,2666
1,3915
0,7589
0,9413
0,3129
0,6669
1,791
1,9621
1,4902
0,8397
0,9245
0,1028
1,5488
1,1814
1,4768
0,8999
0,6803
1,9077
1,301
0,8363
1,2659
0,133
1,7119
1,8151
1,7925
0,9083
1,2833
0,557
1,8535
1,765
1,8707
1,5824
0,5018
1,5444
1,4596
0,339
1,7313
0,2661
0,9289
0,7121
0,8955
1,9887
1,937
0,3581
0,8169
1,2453
1,5676
0,6497
0,7545
1,2037
0,63
1,5212
1,1480
1,5020
0,7777
0,2205
1,6463
1,3111
1,97
1,1646
0,4334
0,1474
1,4106
1,6651
0,7783
1,9619
0,3323
0,1010
1,4562
1,6235
0,3747
0,2695
0,9873
0,6007
0,3575
1,1222
0,5682
0,4750
1,762
1,7748
0,8700
1,5823
0,2834
0,550
1,2008
0,8532
0,5649
0,134
1,7922
1,908
0,8156
0,9084
1,306
0,8364
0,6038
1,2498
1,9070
1,6804
0,3778
0,8390
1,9242
1,1813
0,796
0,9626
1,4905
0,4139
1,1679
1,3912
0,9414
1,1684
0,55
0,5224
1,7573
0,559
0,2001
0,7741
0,6693
1,8709
1,2233
1,5016
0,7325
0,2657
1,3785
1,5472
0,4792
1,5640
0,7117
0,8963
0,2465
0,901
1,6203
1,8399
1,3771
1,1026
1,4554
1,5486
1,1214
1,4766
0,9845
1,6031
1,8997
1,9079
1,2491
0,3543
1,1670
1,4302
0,7587
1,6455
1,3127
0,6667
0,3315
0,1442
1,4130
0,7128
1,102
0,7914
0,8160
1,3588
1,330
0,9280
1,2668
1,8352
1,1489
0,5815
1,5029
1,754
0,8736
1,566
1,2802
1,8504
1,4933
0,6658
1,9610
0,3924
1,592
1,3118
0,9422
0,9046
1,6832
0,8194
1,4759
1,1019
0,1825
1,9274
1,798
0,6660
0,3312
1,9628
1,1445
1,4137
1,1677
1,4305
0,7580
1,6452
1,3120
1,1213
0,4761
0,6036
1,9842
1,8990
0,2496
0,3544
0,6204
0,3776
0,1021
0,4553
0,5481
0,4795
1,5647
0,8964
1,7110
0,2462
0,906
1,8158
0,7322
1,308
0,2650
1,3782
0,5475
0,7746
0,6694
0,2234
0,5011
1,1683
0,52
1,5223
0,7574
1,2006
1,1822
0,9273
0,3749
1,6009
0,6835
1,9041
1,8193
0,3923
1,595
1,9425
1,1648
0,99
1,4934
1,4108
1,9617
1,561
1,6499
1,2805
0,8503
1,2039
1,5812
0,7779
1,753
0,8731
1,4598
1,337
1,9287
1,8355
1,9889
0,105
1,939
1,8167
0,7913
0,5678
1,1278
0,9015
1,6861
0,999
1,9829
0,9227
1,397
0,4538
0,1876
0,8791
1,3379
1,9643
1,4960
0,9471
0,2099
0,3977
1,6439
0,8765
0,707
0,5846
0,4994
1,5248
1,39
0,8557
1,9485
1,3983
0,535
1,2851
0,2409
0,6895
1,7947
0,8133
0,151
0,8301
1,363
1,7349
0,1882
1,3174
1,3948
0,6406
1,5283
1,4351
0,1623
0,4163
0,1411
1,3346
0,2294
1,6634
1,4507
1,1849
0,1075
1,9218
0,3722
0,6250
0,7382
1,3510
0,9816
1,6062
1,4735
0,1247
1,5421
0,1081
0,2604
0,7376
0,2436
0,7978
1,952
0,6096
1,7144
1,8930
0,5613
1,8568
0,3180
1,2052
1,7520
1,5277
0,5045
0,4197
0,5879
1,9688
1,2260
0,738
1,7712
0,8306
0,364
1,5419
1,1885
1,6892
0,8134
1,7940
1,8908
1,156
1,8550
1,9482
0,3984
1,532
0,7518
1,2856
1,8762
0,2258
0,700
0,5841
0,4993
0,4369
0,9476
0,3970
0,8796
0,9644
0,5089
0,1429
1,4967
1,9220
0,6268
0,390
1,1871
0,6866
0,9012
0,3528
0,7188
0,5042
1,4190
0,2267
1,7715
1,3187
1,2055
1,7527
0,2869
1,5270
1,2431
0,955
1,6091
0,8937
1,169
0,7143
0,5614
1,5426
1,1086
1,2603
0,8339
1,7371
1,6859
0,3517
0,6065
1,9811
1,4732
0,1240
0,4500
0,1072
0,3725
0,6257
1,7385
1,4164
0,1416
0,4958
0,3341
0,2293
0,6633
1,3173
1,9449
0,6401
0,5284
1,4356
1,1624
1,8566
0,2860
0,504
1,5279
0,4199
0,5877
0,9686
0,8754
1,736
0,8330
1,7378
0,352
1,8102
1,7976
1,2438
0,160
0,6098
1,1847
0,4509
0,9216
1,7982
1,6850
1,9024
1,194
0,9818
0,1249
0,9440
1,8592
1,6408
0,2894
0,3946
0,4951
1,5883
1,9672
1,3348
1,5622
1,1282
1,963
0,7949
1,2407
0,8901
0,7175
0,2635
1,7347
1,6295
0,5410
1,2251
1,3383
0,7723
1,709
1,5074
0,5848
1,4394
0,5246
0,37
0,2063
1,8559
0,7511
0,3377
0,6605
0,4152
0,5080
0,1420
0,4360
0,1612
0,2097
1,3145
1,6437
0,3979
0,4704
0,1276
0,997
1,3521
0,7181
0,6053
1,9827
1,3713
1,9229
1,399
0,6261
0,1878
1,4536
0,1044
0,4956
0,1418
0,5884
0,9675
1,9447
0,8595
0,2893
1,3941
1,4358
1,7985
1,3519
1,9023
1,6857
1,193
1,1840
0,9211
0,6259
0,7971
0,8105
1,8939
1,167
1,5428
1,1088
0,8337
1,355
1,5870
1,2269
0,9681
0,8753
0,731
0,3189
1,8561
1,2867
1,7529
0,503
0,3714
0,6266
0,4531
0,1043
0,4703
0,1271
0,990
1,3526
0,6868
0,7186
0,9820
1,6054
1,4367
1,1615
1,2090
1,9478
0,3142
1,6430
1,3370
1,8798
1,6602
1,4155
1,5087
1,4969
0,1427
0,4393
0,5241
0,30
0,2064
1,2858
1,7516
0,2256
0,3384
0,7724
0,5073
1,8308
1,2632
0,7340
0,6292
0,5417
1,5625
0,1285
0,964
1,2400
1,7172
0,8906
1,158
1,2651
0,3783
0,309
1,7323
1,5474
1,4794
0,5646
1,2463
0,8159
0,907
1,7111
1,8965
1,5222
0,1682
0,53
0,2007
1,7575
0,2235
0,7747
0,6695
0,5010
0,4304
1,1676
1,3121
1,7581
1,6453
1,3313
0,9629
0,799
1,6661
0,4136
0,1444
1,3777
0,6205
1,4552
1,5480
0,1020
1,4760
1,1212
1,2497
1,3545
0,9843
1,6037
0,8991
0,5813
1,8730
0,752
0,7778
1,8502
1,2038
1,560
0,2804
1,6498
1,7912
1,8166
1,938
1,9888
0,104
0,5679
0,4599
1,9286
0,8354
0,336
0,9040
1,6834
1,8192
1,6008
0,1823
1,9272
0,3748
0,4109
1,4935
0,9616
1,9424
1,594
1,3922
0,1649
1,98
1,4767
0,1215
0,2490
1,9078
1,3542
0,6030
0,9844
1,8996
1,3770
0,8398
1,6202
1,4555
1,5487
1,1027
1,3314
0,6666
1,4131
0,1443
1,4303
1,1671
0,3126
1,7586
1,6454
1,8708
0,2232
0,7740
0,6692
1,5017
1,5225
0,1685
1,54
1,2000
0,558
1,7572
1,4793
1,5641
0,2464
1,900
0,8962
0,7116
0,2656
0,3784
0,7324
0,5473
1,3119
1,9423
1,593
1,3925
1,4932
1,9611
1,6659
0,1824
0,1018
1,9275
0,6833
0,9047
0,8195
1,4758
1,2669
0,9281
0,8353
0,331
1,3589
0,8161
0,7915
0,103
0,7129
0,8505
0,567
1,2803
0,5028
1,5814
0,1488
0,8737
1,755
0,4107
0,1475
0,9618
1,3322
1,6650
0,7782
1,3110
1,6462
1,4335
0,96
0,1647
1,3574
1,6006
0,9872
1,5683
1,4751
0,1223
0,4563
1,1011
0,3746
1,2694
1,6234
1,8168
0,3580
1,936
0,2452
0,8954
1,7120
1,9886
0,5677
0,5445
1,4597
1,9288
1,2660
1,7312
0,338
1,5021
0,1481
1,2204
1,7776
1,2036
0,6496
1,7544
1,5213
1,62
0,8391
1,3779
0,9243
0,1812
0,6805
1,9071
1,2499
1,6039
0,1678
0,9415
1,3913
0,9627
0,797
0,4138
1,4904
1,2009
1,8533
0,2835
1,551
1,8701
1,7749
1,763
0,5822
1,8365
0,307
1,5648
1,8157
0,909
0,7923
1,9085
1,135
1,2031
1,6491
0,7543
0,569
0,5214
0,65
1,5026
0,1486
1,2203
1,8739
0,7771
0,5442
1,4590
0,2667
0,7315
1,3587
0,931
0,2455
0,7127
1,8953
1,9881
1,5670
1,4564
0,1016
0,3741
0,2693
0,6233
0,3573
0,9049
0,9875
0,6001
0,5684
0,4756
0,1224
0,3117
0,6465
1,4332
0,91
1,1640
0,4100
1,1472
1,3325
1,6657
0,7785
1,7924
1,8150
1,9082
0,7118
1,132
0,8362
0,2658
1,300
1,8706
1,764
1,5019
1,5825
0,8534
1,2832
0,556
0,9620
0,6668
1,790
1,4903
1,9412
0,3128
0,7588
0,3914
0,4769
0,9076
1,6802
1,8998
0,8396
1,9244
0,1815
1,5489
0,1029
1,1089
1,5429
0,354
1,8336
1,166
0,8938
1,8104
0,7970
1,2866
1,502
0,7528
1,8560
1,3188
1,5871
0,730
1,9680
0,2268
1,8752
0,2892
0,3940
1,9446
0,8594
0,4359
1,4957
0,5885
0,1419
1,9674
1,1841
0,6258
1,9210
1,192
0,3518
1,7984
0,6856
1,9022
1,7725
1,2257
1,3385
1,5072
0,31
0,4392
1,5240
1,2859
0,7517
1,2065
1,1284
1,5624
0,159
0,8907
0,7173
0,965
0,2401
1,7341
1,6293
0,8309
1,2633
1,5416
0,1270
0,4702
0,7187
0,6055
0,9821
1,3527
0,991
0,6869
0,6267
1,3715
1,1042
0,4530
0,6603
1,8799
1,3371
1,4968
1,1426
1,4154
0,5086
0,1614
0,4366
0,6431
1,9479
0,2091
0,3143
0,195
1,9819
1,7983
1,9025
0,6851
0,1248
0,1846
1,4508
0,9217
0,4950
0,5882
1,9673
1,3349
1,2895
1,6409
1,3947
0,9441
0,8593
1,5876
0,4198
1,737
0,9687
1,8755
0,2861
0,505
0,8567
0,5278
1,161
0,6099
1,7977
1,8103
1,2439
0,353
0,7379
0,8331
1,1613
0,4361
0,6436
1,3978
0,2096
1,3144
1,6604
0,3376
1,1421
1,4153
1,5081
1,398
0,6260
0,3712
1,9228
1,1045
1,1879
1,4537
1,1277
1,4705
0,7180
0,9826
1,6052
0,3520
1,996
1,7346
1,6294
1,2634
0,5411
1,1283
1,5623
0,7174
0,8900
1,7948
0,962
1,2406
1,36
1,4395
0,5247
0,7510
0,2062
0,8558
0,708
1,7722
1,2250
1,3382
0,5849
0,5075
0,8797
0,9645
1,1428
1,4966
0,5088
0,4368
1,3971
0,9477
0,7189
1,9013
1,6867
1,3529
0,6269
0,391
0,9221
1,1870
1,157
0,8909
1,6893
1,7941
1,8135
1,365
0,8307
0,1884
0,5418
1,701
0,8763
0,2259
1,5840
1,4992
0,7519
0,533
0,3985
1,2857
0,8551
0,9483
1,1073
0,4501
0,6256
0,7384
0,3724
1,9810
0,6064
1,6858
1,3516
0,1241
0,4733
1,6400
1,3172
1,9448
0,1625
1,5285
0,4357
0,1417
1,4959
0,4165
1,6632
0,3340
0,2292
1,7526
1,2868
0,3186
0,2054
1,5271
0,5043
0,4191
0,7714
0,2266
1,1087
1,5427
1,7370
1,2602
1,8338
1,6090
1,7142
0,168
0,8936
1,2430
0,954
1,5615
1,38
1,5249
0,534
1,3982
1,2850
1,8556
1,9484
1,706
1,8764
1,5847
1,4995
1,7348
0,362
1,8300
0,1883
0,150
1,6894
0,2408
1,8132
0,7946
1,396
1,9226
0,4539
1,1877
0,1279
0,9828
1,6860
0,9014
0,998
1,3976
0,6438
0,2098
0,9470
1,3378
1,8790
0,9642
1,4961
0,6097
0,8931
0,7145
0,2437
1,953
1,7979
0,5612
1,1080
1,5420
1,7377
1,2605
1,5878
0,5044
0,4196
0,7713
0,739
0,2261
0,9689
0,7521
1,3181
0,8569
0,2053
0,5276
1,1410
0,4162
0,6635
0,3347
1,2295
0,3949
0,6407
1,3175
1,1622
1,5282
0,4350
1,6063
1,9817
1,3511
1,1246
0,4734
0,1074
1,4506
0,1848
1,6251
0,7383
1,9219
1,3723
0,88
0,1659
0,9434
1,3932
0,584
0,9606
1,4119
1,4925
0,3758
1,9262
0,1833
1,8182
1,9050
0,6824
1,6018
0,8344
1,9296
1,326
0,4589
1,5669
0,7902
0,928
0,8176
0,114
0,9898
1,2028
1,8512
1,2814
1,6488
0,570
0,8720
0,742
1,7768
0,5803
0,3555
0,2487
0,8981
0,9853
0,6027
1,4770
1,1202
1,5490
1,4542
1,1030
1,3767
0,6215
1,4126
0,1454
1,9639
1,3303
0,6671
1,789
1,3131
1,6443
1,7591
1,4314
1,1666
0,5000
0,2225
1,6685
1,7757
1,2017
0,7565
1,5232
0,43
1,1692
1,917
1,8149
1,2473
1,7101
0,8975
1,5656
1,4784
1,5464
1,3793
1,2641
1,319
0,7333
1,8727
1,745
0,5038
0,5804
1,1498
0,8515
1,2813
0,577
0,3599
1,8171
0,7905
0,113
0,7139
1,8343
0,2679
1,9291
0,321
0,4748
0,8185
1,6823
1,9057
1,9265
1,1834
0,1008
0,9601
1,6649
0,4922
1,9433
1,3109
1,3935
1,583
1,5463
0,3794
0,2646
0,7334
1,910
0,2474
0,8972
0,7106
0,5651
0,4783
1,2010
1,548
1,7562
0,5235
1,44
0,1695
0,5007
0,2222
0,8718
1,6682
1,7750
0,3136
1,6444
0,7596
1,4313
0,1661
1,4121
1,1453
1,3304
1,6676
0,5497
1,4545
1,1037
1,3760
1,8388
1,6212
0,3552
1,2480
0,9068
0,8986
0,6020
1,9854
1,4777
0,1205
0,9095
0,919
1,8147
1,7933
1,125
1,5658
0,8375
1,317
0,5832
1,8711
0,7759
1,773
0,8523
1,2019
0,541
0,2825
1,4128
0,4914
1,9637
0,787
1,9405
0,3903
0,1668
1,6815
1,9061
1,2489
0,6029
0,1802
0,9253
0,8381
1,3769
1,5203
1,72
1,2026
0,7554
1,6486
0,2214
1,7766
0,5031
0,1491
0,9298
0,2670
0,7302
1,328
1,4587
1,5455
0,5667
1,2442
0,926
1,8178
1,3590
1,9896
1,8944
1,7130
1,2684
1,3756
0,6224
0,4573
0,1001
0,4741
1,5693
0,1233
1,3564
1,6016
1,9862
1,4325
1,1657
0,86
0,3100
0,6472
0,3332
0,9608
1,7792
1,6640
0,4117
1,1465
1,1805
0,5499
0,1039
1,9254
1,8386
1,9066
0,6812
1,8988
1,4779
0,3138
0,9402
0,7598
0,3904
1,4913
1,9630
1,780
1,6678
0,8524
0,546
0,2822
0,5009
1,5835
1,8716
0,774
1,2648
0,8372
1,310
0,9092
0,7934
0,8140
1,7108
0,122
1,3335
0,7795
1,6647
1,4110
0,1462
1,4322
1,1650
1,81
1,3107
0,6475
0,4746
0,5694
1,1234
0,9059
1,3563
1,9865
1,6011
1,2683
1,3751
0,6223
0,4574
0,1006
0,5660
0,2445
1,921
1,3597
0,9891
0,7137
0,8943
1,2677
1,7305
1,4580
1,5452
1,8729
1,2213
0,7761
1,5036
0,1496
0,5204
1,75
1,2021
1,7553
0,579
1,6481
1,6421
1,3153
0,9469
1,2081
1,1604
0,4376
0,1436
1,4978
0,5096
1,4144
1,6613
0,8789
0,3361
0,1052
0,4520
0,6277
0,3705
1,6045
1,9831
0,7197
0,6879
1,981
1,3537
1,1260
1,4712
0,5406
1,6283
1,7351
0,2623
0,8319
0,8917
1,149
0,7163
0,2411
0,975
1,1294
1,5634
0,7507
1,2849
0,2075
1,21
0,5250
1,4382
0,5062
0,7735
1,3395
0,2247
0,182
0,6846
0,9032
0,3508
0,7994
1,6248
1,9200
1,1851
0,9664
1,5895
0,1409
1,4947
0,4349
1,3950
0,2882
0,8584
1,9456
0,720
0,8742
0,9690
1,2278
1,5861
0,512
1,7538
1,2876
1,8570
1,3198
0,8928
0,176
0,8114
0,7960
1,344
1,8326
0,1099
1,5439
0,5859
1,5065
0,718
1,7732
0,3392
0,2240
0,7500
1,8548
0,2072
0,26
1,5257
0,4385
1,7164
0,8910
1,2416
1,7958
0,972
0,1293
1,5633
1,5401
0,6284
1,7356
1,2624
0,9836
0,6042
1,7190
0,986
1,3530
1,1267
0,4715
0,1055
1,4527
1,1869
1,6270
0,388
1,9238
1,3702
0,1431
0,5091
1,4143
0,6614
1,3366
0,3968
0,6426
0,3154
1,2086
0,1603
1,4371
1,343
1,7369
1,8321
1,6089
1,171
0,2429
0,7967
0,8113
0,19
0,5268
1,515
1,2871
1,8577
0,727
1,8745
1,9697
0,5866
0,4188
0,3957
0,2885
1,6419
1,8583
1,9451
1,3359
1,9663
1,5892
1,4940
0,9207
1,4518
1,1856
0,1258
0,9809
1,185
0,9035
1,6841
1,7993
0,5605
1,7152
1,8926
1,178
1,6080
1,944
1,2420
0,7360
1,8328
0,2612
1,1097
1,5437
0,7704
0,2276
0,4181
0,5053
1,10
1,5261
1,2878
0,7536
1,2044
0,3196
0,6622
0,2282
1,3350
0,4949
1,1407
0,4175
0,1635
1,4347
0,5295
0,6410
1,9458
1,3162
0,1251
1,4723
1,9800
0,6074
1,3506
0,6848
1,7394
0,6246
1,3734
0,1063
1,4511
1,2847
1,7509
0,3995
1,523
0,9493
0,8541
1,4982
1,5850
0,711
0,2249
0,8773
1,1894
1,5408
1,375
0,8317
1,8919
1,147
1,7951
1,8125
1,6883
1,1860
1,381
1,6279
1,9231
0,7199
1,3539
1,9003
0,6877
1,3961
0,9467
1,4378
1,4976
1,1438
1,5098
1,9655
0,8787
0,7393
0,6241
1,3733
1,9209
1,1064
1,1858
1,4516
1,1256
0,4724
0,6073
0,9807
0,3501
0,1632
1,4340
1,5292
1,6417
1,3959
0,3165
0,6625
1,2285
0,3357
0,1400
1,4172
0,17
0,5266
1,7531
1,2043
1,3191
0,8579
1,7703
1,729
1,2271
1,9699
0,5868
0,4186
1,5054
1,7367
0,2615
0,1090
1,5430
0,5602
1,8921
1,7155
0,6087
1,943
1,7969
1,2427
0,4971
0,9652
1,3368
0,8780
0,6428
0,3966
1,2088
0,9460
1,9838
1,988
0,6870
0,9004
0,1269
0,1867
1,4529
0,386
0,9236
1,140
0,8122
0,7956
0,6884
0,2418
1,1893
1,7358
0,372
1,8310
0,4985
1,5857
0,716
0,8774
0,2840
0,3992
1,524
1,9494
1,8546
1,28
1,5259
0,5834
0,5008
0,775
1,8717
0,547
1,2823
1,8525
0,123
0,7109
0,9093
0,8141
1,7935
1,311
0,2649
1,8373
0,8989
0,6813
0,9067
1,4778
0,1038
1,5498
0,1804
0,9255
1,8387
0,4912
0,781
0,6679
1,9631
1,3905
0,7599
0,3139
0,9403
0,7304
0,2676
0,4581
1,5453
0,5661
1,9890
0,8942
0,7136
0,2444
1,3596
0,920
0,74
1,5205
0,578
1,7552
1,6480
0,2020
0,7760
0,8728
0,2212
1,1497
1,5037
0,1651
1,80
1,4323
1,6474
0,3106
1,7794
0,6646
0,3334
0,1463
1,4111
0,6222
1,2682
0,3750
0,1007
1,4575
1,1235
0,4747
1,5695
1,6010
1,9864
1,9058
1,3562
0,3902
0,9404
1,1669
0,4915
0,4129
1,786
1,9636
1,1803
0,9252
1,3768
0,8380
0,6028
0,2488
0,9060
0,6814
1,316
1,8374
1,124
1,9094
1,7932
1,8146
1,918
1,5659
0,540
1,2824
0,8522
1,2018
1,5833
1,772
0,7758
1,8710
0,1232
1,4740
1,5692
0,9863
0,6017
0,3565
1,6225
0,2685
0,3757
0,1000
0,4572
1,7793
0,6641
1,3333
0,9609
1,1464
0,4116
1,1656
1,87
0,4324
0,6473
1,3101
1,7767
1,2215
0,1490
1,5030
0,73
0,5202
1,7555
0,6487
1,2027
1,5666
0,9897
1,7131
0,8945
0,2443
0,3591
0,8179
1,927
0,329
0,7303
0,2671
1,9299
0,4586
1,5454
1,9264
1,1009
1,1835
0,4749
1,8184
1,9056
1,6822
1,582
0,3934
1,9432
1,3108
1,6648
0,9600
1,4923
1,2812
0,576
0,8514
1,744
1,8726
1,1499
1,5805
1,5039
0,320
0,8342
1,9290
1,2678
0,7138
1,112
0,7904
1,8170
1,3598
1,1452
1,4120
1,6677
0,3305
1,6445
0,7597
0,3137
0,1660
0,4312
1,8987
1,9855
0,6021
1,3553
1,9069
1,2481
0,1204
0,4776
1,1036
0,5496
1,4544
1,6213
1,8389
0,3761
1,7107
0,8973
0,911
0,2475
1,5650
1,4782
1,5462
1,7335
1,3795
1,2647
0,5006
0,6683
1,7751
1,2223
0,8719
0,7563
1,549
0,2011
1,45
1,1694
1,5234
0,5668
0,115
0,9899
1,8177
0,929
1,7903
1,327
1,8345
1,9297
0,4588
1,7769
0,743
0,8721
0,5802
1,6489
0,2815
0,571
1,2029
1,8513
1,9607
1,4924
1,4118
0,89
1,1658
1,585
1,3933
0,9435
1,6019
1,8183
1,6825
0,9051
0,3759
1,9263
1,1832
1,7564
0,2016
0,42
1,1693
0,5233
1,5001
1,6684
1,7756
0,2224
1,5465
1,7332
1,318
1,3792
1,2640
0,8974
1,7100
1,8148
0,916
0,2472
1,5657
1,4785
0,1031
1,5491
1,4543
1,6214
1,3766
0,8980
1,6026
0,9852
0,3554
0,2486
0,1203
0,4771
0,6442
0,7590
0,3130
0,1667
0,4315
1,1455
0,4127
0,6670
1,788
1,9638
0,3302
0,9698
0,2270
0,728
1,7702
0,4187
0,5055
1,5869
0,5267
0,16
0,2042
0,8578
1,3190
0,7530
0,5603
0,7968
1,942
0,2426
0,7154
0,8920
0,6086
0,2614
1,7366
0,5431
1,1091
1,4725
1,1257
0,3500
1,9806
0,6072
1,3732
1,9208
1,7392
0,6240
1,1859
1,4517
1,1065
1,2284
0,3356
0,6624
1,4173
1,1401
1,4341
1,5293
1,1633
1,3164
1,6416
1,3958
0,1892
1,8311
0,373
0,7359
0,7957
1,8123
1,2419
1,6885
0,141
1,9495
1,8547
0,2841
0,525
1,3993
1,5258
1,29
1,4984
0,5856
1,8775
0,717
0,9461
1,2089
1,6429
1,3967
0,4970
1,9653
0,8781
0,3369
1,1866
0,4528
1,9237
1,387
0,989
1,9005
0,6871
0,9839
1,1268
0,4346
0,5294
0,1634
1,9459
1,3163
0,6411
1,2283
1,3351
1,6623
1,4174
1,4948
0,1406
1,3735
0,7395
1,6247
1,4510
0,1062
0,4722
1,1250
1,3507
0,6849
0,6075
1,9801
1,8329
1,2613
0,7361
1,5436
0,1096
1,5604
0,945
1,2421
1,179
0,8927
0,7153
0,6081
0,5260
0,11
0,2045
1,3197
0,2879
1,7537
1,2277
1,7705
0,4180
0,5052
1,3538
1,6876
1,9002
0,7198
1,1861
1,9230
1,380
1,6278
1,5099
0,4977
1,1439
1,9654
0,8786
1,9466
0,3960
1,4379
0,4983
0,5851
1,2248
0,8772
0,710
1,9492
1,8540
1,2846
1,522
1,3994
0,7508
1,8124
0,7950
0,6882
0,146
1,8918
0,5409
1,1895
0,8316
1,374
1,4526
1,1868
0,1054
0,9239
0,3703
1,6271
1,389
0,3531
1,987
0,6043
0,9837
1,7191
0,4714
1,1266
1,3155
0,2087
1,3969
0,6427
0,4370
1,1602
1,5090
0,4142
0,1430
0,3367
0,6615
1,8549
0,2073
1,7501
0,5256
0,4384
1,27
0,5064
0,5858
1,3393
1,2241
1,7733
0,719
1,5400
1,2625
1,6285
0,7357
0,2417
1,973
0,7959
0,8911
1,7165
0,5632
0,1292
1,3358
0,9662
0,5893
1,4941
0,8582
0,9450
0,3956
1,6418
1,2884
1,1259
0,6840
1,9034
0,7992
1,9808
1,184
1,9206
0,4519
1,1857
1,2428
1,8112
1,7966
1,6088
0,170
0,8320
0,7368
0,342
0,8744
0,9696
1,726
0,4189
0,5867
0,5269
0,18
0,8576
1,514
0,2870
0,2410
1,974
1,7162
0,148
0,8916
0,5635
0,1295
1,5407
0,2622
1,8318
1,6282
1,7350
1,5063
1,3394
0,2246
0,7734
1,2074
0,7506
1,2848
1,5251
0,4383
0,20
1,5097
1,4145
1,1437
0,4979
1,3360
1,8788
1,6612
0,3152
0,2080
0,9468
0,6420
1,4377
0,1605
1,6878
0,3536
0,980
0,9830
1,6044
0,7196
1,4713
1,1261
1,4521
0,1053
0,3704
0,6276
1,3199
0,8571
0,7539
0,513
1,2877
1,8743
0,2279
1,9691
0,721
1,5860
0,8327
1,345
0,5438
1,1098
0,7961
1,8115
1,177
1,8929
0,9201
1,6249
1,1850
0,9033
1,6847
0,7995
0,3509
1,183
0,4348
1,8585
1,9457
0,3951
0,2883
1,9665
1,1408
1,5894
0,4946
1,1748
0,495
0,3823
0,9525
0,9717
1,4834
0,4008
0,9373
0,3649
0,1922
0,6109
1,6935
1,9141
0,8093
1,237
0,9387
1,8255
0,4498
0,5778
1,9989
1,8067
1,839
1,7813
0,461
0,6599
1,2905
0,8403
1,2139
1,7679
0,653
1,8631
0,5912
0,6136
1,9942
0,8890
1,2596
0,3444
0,1313
0,4661
1,1121
0,4453
1,5581
1,6304
0,3676
0,1545
1,4037
0,698
1,6760
0,3212
0,9728
1,7480
1,6552
0,3020
0,1777
1,4205
0,5111
1,7646
0,6794
1,2334
1,7474
1,2106
0,1783
1,5323
1,8864
0,7010
0,2562
1,8058
1,806
1,4695
0,5747
1,5575
0,7222
1,208
0,2750
1,3682
0,654
1,8636
0,1589
0,5915
1,5129
1,466
0,2902
0,8404
0,7028
0,7814
0,8060
1,3488
1,230
0,9380
1,2768
0,8252
0,4659
1,9146
0,6932
1,8094
1,9374
0,1119
1,1925
1,6758
0,9710
1,4833
1,492
1,3824
0,3018
1,9522
1,5572
1,7225
1,2757
1,3685
0,7017
1,8863
1,2565
1,801
1,4692
1,5740
1,7473
0,459
0,2101
0,1784
0,5324
1,5116
0,7641
1,6793
0,8609
1,2333
0,7487
1,6555
1,3027
0,1770
1,4202
0,1542
1,4030
0,6767
0,3215
1,1126
1,4454
1,5586
1,6303
1,8299
1,3671
0,9945
0,6131
1,8897
1,9179
1,2591
1,3443
1,1314
0,4666
1,7822
0,8056
1,808
1,9184
1,5749
0,206
1,8264
1,5923
0,662
0,7648
1,8600
1,2934
1,450
0,2108
1,8432
0,4805
1,4039
0,696
0,9726
0,3
0,3812
0,9514
1,1779
1,6138
0,2598
1,9170
1,6904
1,1913
0,3678
1,8290
0,9342
0,5312
0,6597
1,7445
1,2137
0,7677
0,2305
0,1580
1,5120
0,239
1,7213
1,2761
0,9389
1,5544
0,4496
1,5776
0,7021
0,8855
0,9987
1,3481
0,8069
1,837
1,2553
1,6335
1,3647
1,2795
0,1110
1,4462
1,1322
1,5782
0,4650
1,9973
0,6107
0,3475
1,1746
0,4234
1,6563
0,3011
1,6751
0,7683
1,9719
0,3223
0,1574
0,4006
0,1128
0,5588
0,1914
1,8297
0,9345
0,8899
0,6903
0,9177
1,4668
0,3815
0,4
0,7489
0,9513
0,3029
0,4802
0,6769
1,691
1,9721
1,2933
0,457
1,8435
0,5924
0,5118
1,665
1,8607
0,201
1,8263
0,2759
0,7019
0,8051
0,7825
1,9183
0,6756
0,7684
0,3224
0,1573
0,4001
1,1741
1,4233
0,6564
1,3016
0,1325
0,5785
1,4657
1,6100
0,9974
0,3472
0,9148
0,6332
1,3640
1,2792
1,1117
1,4465
1,5771
1,8852
1,7026
0,9980
0,3486
1,830
1,2554
0,7214
1,2766
0,5543
1,4491
1,7670
1,2302
1,8638
1,1587
1,5127
1,5315
1,6590
1,468
0,7442
0,2130
0,2190
0,9578
1,3042
0,6530
1,4267
0,1715
0,4055
1,5187
1,4869
0,1527
0,3270
1,8698
1,6702
1,4431
0,1143
0,3614
0,6366
1,3426
1,890
0,6968
1,7086
1,9920
1,6154
1,4603
1,1371
0,5517
0,8208
1,2732
1,7240
0,6392
1,864
0,2500
1,7072
0,8806
1,5725
1,1385
0,2164
1,2958
1,7416
1,4293
1,5341
0,5173
1,2356
0,3284
0,7624
0,7885
0,3419
0,9123
1,6957
1,9311
0,6359
1,1940
0,9775
1,4856
0,1518
1,5984
1,4258
0,9547
1,8495
0,2993
0,3841
1,2369
0,9781
0,8653
0,631
0,5970
1,3089
0,8461
0,2967
0,7429
1,403
1,7871
1,8005
0,8839
1,8237
0,255
0,5528
1,1188
0,5174
0,5948
0,2351
0,3283
1,7623
0,609
0,2163
0,8459
1,7411
1,4294
0,5346
0,863
0,7849
0,2507
1,8801
1,7075
1,5722
0,1382
0,5510
1,2735
0,7247
0,6395
0,3421
0,897
1,7081
1,6153
1,9927
1,4604
1,1376
1,1978
0,4436
1,1144
0,3613
0,9329
1,299
0,6361
0,4052
0,5180
0,1520
0,3277
0,6705
1,2197
1,3045
0,6537
0,3879
1,4260
0,1712
1,8230
0,7278
1,252
1,8002
0,7876
0,2538
0,6198
0,5379
1,8466
1,2960
1,404
1,9786
1,8654
1,636
1,4099
1,5977
0,9540
1,8492
1,6508
1,2994
1,3846
1,9772
0,3248
0,4851
0,5983
1,9316
1,1947
0,4409
0,1349
0,7882
0,6950
0,9124
0,9918
1,5714
1,2531
0,855
1,6191
1,8837
0,7043
1,2703
0,8239
1,7271
0,5526
1,1186
1,2367
0,7615
1,5142
1,4090
1,5370
1,3087
0,2155
0,7427
0,2969
0,3241
0,2393
1,6733
0,4064
1,1516
1,4858
1,5384
1,4256
1,1724
0,3073
1,9549
1,6501
0,4632
0,1340
1,6959
1,3417
1,6165
0,9911
0,3625
0,6357
1,7285
0,4400
1,1172
1,8450
1,9582
1,432
1,3884
1,7418
1,2956
1,5941
0,4893
1,8662
1,2358
1,600
0,5519
1,1985
0,8206
1,264
0,6992
1,8034
0,7840
1,8808
1,1971
0,9320
0,6368
1,290
1,6966
0,9112
0,3428
0,7088
0,9576
0,3870
0,4269
1,5189
0,1529
1,4867
0,8696
0,9744
0,9318
0,3622
1,6350
1,7282
1,4407
1,1949
1,1175
0,4635
1,1347
0,3410
0,9916
0,6162
1,5383
1,4251
1,1723
0,3074
1,3848
0,6506
1,3246
0,2394
0,6734
0,4063
1,1511
0,5377
0,8468
0,3080
0,2152
1,7420
0,9788
0,2360
0,638
1,7612
1,5145
0,4097
1,5979
1,2704
1,7276
0,5521
0,1181
0,5713
0,2536
1,7878
1,852
1,6196
1,7044
1,8830
1,4860
1,8691
1,3279
1,9743
1,9571
0,2199
0,3877
0,6539
1,9115
1,6961
0,899
0,9929
0,1378
1,4438
1,1976
0,9327
0,297
0,2509
1,6995
1,7847
0,8033
0,1982
1,8201
1,263
1,7249
1,5946
1,4894
1,8665
1,607
1,8457
0,9585
0,435
1,3883
0,2951
0,5348
1,5119
1,5925
1,8606
0,664
1,8434
0,2932
1,456
0,7824
0,8050
1,9182
0,7018
0,8262
1,2758
0,200
1,9176
1,6902
0,8898
0,4669
0,1915
1,5589
0,1129
1,8296
1,9344
1,4803
1,9720
1,6768
0,690
1,9512
1,3028
1,7488
0,3814
0,5
0,2767
1,7215
0,5542
0,4490
1,5770
1,831
0,3487
0,2555
0,7027
0,8853
0,9981
0,5314
1,2131
1,6591
0,7443
1,469
1,2303
0,8639
1,7671
0,5126
1,1586
1,4232
0,1740
1,3017
0,6565
0,3225
1,6757
1,7685
0,4000
0,1572
0,3641
1,2793
0,6333
1,4464
0,1116
0,5784
0,4656
0,1324
1,3473
0,9149
1,9975
1,6101
1,9515
0,2
0,3813
1,1778
1,4038
1,4804
0,9727
1,697
1,1912
0,8291
0,3679
1,9343
0,6905
0,9171
1,2599
0,6139
1,8265
1,207
0,809
0,8057
0,7823
1,9185
1,5748
1,2109
1,8433
0,2935
1,451
1,5922
0,8601
1,7649
1,663
1,5783
1,4651
1,1323
0,3474
1,6106
0,9972
0,3646
1,2794
1,6334
0,4463
1,1111
0,9718
0,3222
0,6750
0,7682
1,4007
1,1575
0,4235
1,1747
0,3010
0,6562
0,2304
1,7676
0,5121
1,1581
0,5313
0,2136
1,6596
1,7444
0,5777
0,836
1,8068
0,3480
0,2552
0,8854
1,7020
1,9986
1,9388
1,2760
0,7212
0,238
1,5545
0,4497
0,9375
1,1924
0,1118
0,4658
1,6933
0,9147
0,8095
0,3019
1,9523
0,3825
1,493
0,9711
1,6759
1,4832
0,8405
1,467
1,2903
0,8637
0,655
0,5128
1,5914
0,1588
0,2769
1,9381
1,8253
1,231
1,3489
0,8061
1,7815
0,7029
0,4031
1,1543
1,3214
0,6766
1,3026
0,7486
0,6554
0,4203
1,1771
0,2590
1,9178
0,3442
0,6130
0,9944
1,8896
1,4667
0,1315
0,4455
0,5587
1,1127
0,3670
1,8298
0,6302
1,2564
0,800
1,8862
1,7016
0,4693
1,5741
0,5573
0,2756
0,3684
0,7224
0,5117
1,8608
0,2332
1,7640
0,6792
1,2100
0,458
1,7472
1,5325
0,1785
1,5779
0,7812
1,838
0,8066
0,9988
0,9386
0,8254
1,236
0,4499
1,8630
0,652
0,7678
1,5913
1,8402
1,2138
1,460
1,2904
0,6598
1,9716
1,4009
1,4835
0,1749
0,9524
0,3822
1,494
1,9140
0,6934
1,8092
0,6108
0,9372
1,3648
1,1923
1,2107
0,7475
0,5322
1,1782
0,5110
1,2335
1,7647
1,6795
1,5574
1,2751
1,3683
1,209
0,7223
0,2563
0,807
0,8059
0,7011
0,8865
1,4694
1,5746
1,4452
1,5580
0,1120
1,3677
0,6305
0,2597
0,3445
1,9943
0,6137
0,8891
1,4660
0,1312
0,3021
1,7481
0,6553
0,4204
1,1776
0,4036
1,1544
1,3213
0,9729
0,699
0,6761
0,7613
0,639
0,2361
1,9789
1,5978
0,5144
1,4096
1,5376
1,7421
0,3081
1,8469
0,2153
0,5712
0,6197
1,8831
0,7045
1,2537
1,853
0,7879
1,7277
0,2705
1,1180
0,5520
0,1346
0,4634
0,6163
1,9917
0,3411
1,6351
0,7283
1,9319
0,3623
0,1174
0,4406
1,1948
1,6735
1,3247
1,2395
1,1510
0,4062
0,1722
0,5382
1,4250
0,3849
0,6507
0,3075
1,1983
0,7248
0,262
0,8200
0,6994
0,2508
0,8032
0,7846
1,3882
0,434
0,2950
1,8456
0,9584
0,5349
1,5947
0,4895
0,606
1,8664
1,3876
1,6538
1,2198
0,9570
1,4861
1,3278
1,8690
0,9742
1,4439
0,1977
0,296
1,9326
0,9928
0,6960
1,9114
0,898
1,1379
1,1725
1,5385
0,4257
0,6500
1,3072
0,9548
0,6732
0,3240
1,2392
1,1517
0,4859
1,4065
0,6356
0,7284
0,3624
1,1173
1,4401
1,1341
1,4633
1,9910
0,6164
1,6958
1,3416
1,7270
1,2702
1,8238
1,1187
0,5527
0,5715
1,6190
0,7042
1,8836
1,2530
1,854
1,5371
1,7426
0,2968
1,3086
0,2154
0,7614
1,2366
1,5143
0,4091
0,7089
1,9113
0,6967
0,3429
0,1970
1,6369
1,291
0,9321
1,1528
0,4866
1,5188
1,8697
0,9745
1,3871
1,9577
1,4268
1,5940
0,4892
1,601
1,8663
0,2359
0,7419
1,3885
1,433
1,2957
0,8451
0,9583
1,8809
1,6993
1,7841
0,8035
0,1984
0,5518
1,265
0,8207
1,1145
1,1979
1,4437
0,298
0,6360
0,3612
0,9328
1,7080
0,9926
1,6152
0,896
1,3420
1,1377
0,4605
1,6536
1,3878
1,2196
0,3044
0,1713
0,4261
0,1521
1,4053
1,5181
0,6704
1,3276
1,7410
1,2162
0,8458
1,4295
1,5347
1,5949
0,5175
1,608
1,7622
1,2350
0,3282
0,5511
0,7246
1,6394
1,2734
1,7074
0,8800
1,7848
1,862
0,2506
0,1383
0,5723
0,9773
0,3249
1,4850
0,5982
1,2995
1,6509
0,3847
0,9541
1,8493
1,1348
0,9919
1,7883
0,9125
1,6951
0,9317
1,1946
1,4408
0,6199
1,7877
0,8003
0,2539
1,253
0,7279
0,8231
1,637
1,9787
0,8655
0,5976
0,4098
1,5378
0,2961
0,405
1,8467
1,8807
1,7073
1,865
0,2501
1,1384
1,5724
1,5516
1,7241
1,6393
1,8209
0,2733
0,5172
0,7625
0,2357
1,3285
0,2959
0,7417
0,2165
1,4292
1,5340
1,4868
0,1526
1,4054
0,5186
1,6703
0,8699
0,3271
1,6531
0,9579
0,2191
1,3043
0,1714
0,4266
1,7087
1,6155
1,9921
0,891
0,3427
1,6969
0,1370
0,4602
0,1142
0,4430
0,6367
0,3615
1,2966
0,402
0,7428
1,8460
1,3088
1,630
1,9780
1,2368
0,8652
1,5971
1,254
0,8236
1,1189
1,5529
1,8838
0,8004
0,7870
0,6358
1,9310
1,1941
0,3418
1,7884
0,6956
1,9122
1,4259
1,2992
1,3840
1,9546
1,8494
1,9774
0,4857
1,5985
0,1519
0,1399
0,5739
0,6980
1,7852
0,8026
0,878
1,276
0,8214
1,1997
1,612
0,7638
0,8670
1,3298
0,5953
0,4881
0,3896
0,420
0,2944
0,8442
1,9590
1,2178
0,8684
1,9756
1,4875
1,4049
1,1709
1,3862
0,9564
1,6148
1,9100
0,6974
1,282
1,9332
1,3608
1,1963
1,7435
1,3095
0,2147
1,5362
1,5150
0,4082
0,7607
0,2375
0,1194
1,5534
0,249
1,7263
0,2711
0,6183
0,7051
0,8825
1,2523
0,8019
1,847
1,5706
1,1160
0,4412
0,6345
1,7297
0,3637
0,9903
0,6177
1,7899
0,3405
1,1352
1,4620
1,6513
1,8489
1,3061
1,1736
1,5396
1,4244
0,1504
0,5998
1,4076
1,6721
1,3253
0,9769
0,2381
1,285
0,9335
0,1158
0,1964
0,4618
1,6973
1,9107
1,3865
1,3059
1,9563
1,6719
0,8683
0,9751
1,4872
0,4288
0,3891
0,427
1,2943
1,8445
1,9597
1,615
0,8677
0,5954
0,4886
1,5168
1,6389
0,271
1,2729
0,8213
0,1990
1,7069
1,6987
1,8021
0,7855
1,1503
1,4071
0,6726
1,3254
0,2386
1,6514
1,2988
0,3066
0,1731
0,5391
0,4243
0,6170
0,9904
0,9138
0,3402
1,1355
1,4627
1,1167
1,4415
1,6342
0,7290
1,3630
1,6184
0,8822
0,7056
1,2524
0,840
1,5701
0,1193
1,5533
0,7264
1,2716
0,5157
0,4085
1,7600
0,8648
0,2372
0,418
0,7432
1,3092
1,2140
0,5365
0,2981
1,3853
0,9555
0,8487
1,1738
1,5398
1,4844
1,5996
1,4078
1,9767
1,1952
0,7299
1,3639
0,9303
0,6179
1,7897
0,6945
1,9131
0,247
0,8225
0,8017
0,849
1,7863
1,5708
1,2975
0,411
0,2149
0,8473
0,5962
1,7609
1,623
1,9793
1,8641
1,1363
1,4611
0,7094
0,6146
1,9932
1,882
1,3434
1,6374
0,3606
1,1151
0,4423
1,6710
0,9758
0,3262
1,1535
1,4047
0,5195
0,1707
1,4275
0,6522
0,2182
1,3050
1,7636
1,2344
1,3296
1,5161
0,4281
1,5353
0,3898
0,7404
1,2176
1,1397
0,5737
1,8814
1,7060
1,8028
1,876
0,2512
0,7252
1,278
1,6380
1,2720
1,5505
1,1999
0,5965
1,5159
1,624
1,9794
0,8646
1,2972
0,416
0,8474
1,7058
0,7864
1,8010
0,240
0,8222
1,2718
1,7890
0,9136
1,6942
0,4629
1,1169
0,1955
1,9304
1,4843
0,5991
0,6728
1,2388
1,9760
1,2986
0,3854
1,9552
0,3068
0,8480
0,7255
1,6387
0,2727
1,5502
1,1390
1,5730
0,7067
0,8813
1,871
1,2515
0,6989
0,4286
0,5354
1,7403
1,429
0,2171
1,9599
1,7631
0,2343
0,3291
1,8679
1,4888
1,5166
1,1700
0,4272
1,6525
1,2185
0,3057
1,6717
1,3265
0,1532
0,4040
0,5192
0,6373
1,3601
1,1156
0,4424
0,1364
0,4616
0,7093
0,9935
1,6141
0,885
1,3433
1,9109
0,825
1,3493
0,2541
0,8847
1,7033
1,9995
1,5764
0,5556
1,4484
1,8249
0,2773
0,7201
1,5132
1,1592
1,2317
0,7665
0,2125
1,6585
1,2919
0,7457
0,5300
1,4014
0,4828
0,1566
0,3231
1,6743
0,7691
0,9539
0,3003
0,6571
0,489
0,4226
0,1754
1,3467
0,6929
0,6115
1,9961
1,5790
0,4642
1,1330
1,4470
1,1102
1,3655
0,2787
0,6327
1,8420
1,2926
1,442
1,7468
0,2328
1,8612
1,6788
1,670
0,5931
1,8276
1,214
0,5569
1,4689
0,8044
0,7830
1,9196
1,8878
0,8282
1,9350
1,6318
0,1901
0,3458
1,6916
0,9162
1,4219
1,9506
1,3800
0,9734
1,684
0,4817
0,1559
0,1939
1,4477
1,1105
1,3652
0,2780
1,9368
1,6320
0,3460
1,8088
1,9966
1,6112
0,5797
1,4645
0,1337
1,3004
1,6576
1,3838
0,4221
1,1753
1,4013
0,1561
0,3236
1,6744
0,7696
0,2122
0,8418
1,6582
0,7450
1,5307
1,5135
0,1595
0,5909
1,2310
0,648
1,7662
1,5551
0,4483
1,2774
0,7206
1,7808
1,822
0,3494
0,2546
0,7034
1,8840
0,9992
0,5763
0,9733
1,3209
1,683
1,4810
0,9501
0,6549
0,3807
0,1308
1,9165
1,6911
0,9959
0,8285
0,9357
0,1906
1,4448
0,7837
1,8043
0,2579
1,9191
0,3699
0,8271
1,213
1,7239
0,8615
0,677
1,5936
0,5338
1,1798
0,8427
1,2921
0,445
1,4217
0,1765
0,3032
0,9508
0,7492
1,6540
1,3200
0,6772
0,4025
1,1557
0,4819
0,3664
0,6316
0,4441
0,5593
1,1133
1,4673
1,1301
0,2584
1,6918
0,3456
0,9950
0,6124
1,8882
0,2742
0,8278
0,3690
0,7230
0,5567
1,4687
1,5755
1,9198
1,2570
0,814
1,7002
0,8876
0,5331
0,1791
1,2114
1,7466
0,2928
1,2326
0,7654
1,6786
1,5103
0,9153
1,6927
0,8081
0,3469
0,1930
0,9361
1,2789
0,6329
0,1568
0,4826
0,9705
1,9537
0,3831
1,487
0,4228
0,5900
0,8623
1,2319
1,641
0,8411
0,7459
1,473
0,2917
0,7801
1,8075
0,8849
1,5558
1,9395
0,8247
0,225
0,2321
1,7653
1,679
0,6781
1,5104
0,5938
0,5336
1,1796
1,8429
0,2113
1,7461
0,4680
1,5752
1,2577
1,813
0,7839
0,8871
0,7005
0,2745
1,3697
0,7237
1,5560
1,4674
1,1306
1,2583
1,3451
0,6123
1,9957
0,8885
0,9359
0,3663
1,6311
1,4446
0,5594
1,1908
1,1134
1,3207
1,6775
1,4022
1,1550
0,4210
1,1762
1,3035
1,3809
1,7495
0,6547
1,9392
1,8240
0,7208
1,222
1,2548
1,8072
0,7806
1,8416
1,474
0,2910
1,5309
1,5907
1,8624
1,646
1,9530
1,3836
0,480
1,6578
0,4821
1,3238
1,9702
0,7698
1,4479
1,1937
0,9366
1,6920
0,9154
0,8086
0,9968
1,5799
1,1339
0,1954
1,1168
0,9305
1,7891
0,6943
0,9137
0,4628
0,9553
1,8481
0,3069
1,2987
0,3855
0,4842
1,5990
0,9761
1,2389
0,6729
1,8475
1,2973
0,417
0,5158
1,5964
1,9795
1,8647
0,625
1,8223
1,2719
1,241
1,8011
1,7865
0,7059
0,3264
0,6716
1,4041
1,5193
0,1533
0,4273
0,1701
1,2184
1,3056
0,6524
1,4617
1,1365
0,3432
1,884
1,9108
0,7092
1,6140
0,9934
0,3600
0,6372
1,4425
0,1157
0,5731
1,1391
1,870
0,6988
0,2514
1,8812
1,7066
0,2726
0,7254
0,6386
0,5503
1,2342
1,8678
0,3290
0,7630
0,5167
1,4889
0,4287
0,5355
1,9598
1,2170
0,428
1,7402
1,7862
0,848
1,8016
0,5709
1,8224
0,246
1,5963
0,9792
0,8640
1,622
0,7608
0,2148
0,8472
0,2974
1,410
1,4079
1,4845
1,5997
1,9766
1,9554
0,8486
0,2980
1,3852
0,5399
0,1739
1,7896
0,9130
1,6944
0,6178
1,1953
0,3638
0,9302
1,7298
0,4280
0,5352
0,2177
0,7405
0,3899
1,2345
1,3297
0,7637
0,5160
0,2721
1,279
0,7253
0,6381
0,1998
1,5504
1,5736
0,1396
1,877
1,8029
0,2513
0,7061
1,8815
0,3607
1,6375
0,4422
1,1150
1,4610
1,1362
1,3435
0,883
0,7095
0,9933
1,6147
0,4274
0,1706
0,2183
1,3051
1,6523
1,9759
1,3263
0,6711
0,4046
1,5194
1,1534
1,8676
1,614
1,5169
1,5955
0,4887
0,4289
0,8444
0,9596
0,426
1,3890
1,2942
0,6986
1,7854
1,8020
0,7068
1,2728
0,8212
0,6388
0,270
1,1991
0,4619
0,9106
0,6972
0,9334
1,284
1,1965
0,1159
1,8682
1,9750
0,6718
0,4873
0,3058
1,9562
0,3864
0,5532
1,1192
0,2717
1,7265
0,2525
1,841
0,6185
0,7057
1,8823
1,5700
1,3093
0,2141
1,7433
1,419
1,5364
1,5156
1,4084
0,8649
0,2373
1,7601
0,3067
0,2989
1,6515
1,5390
0,4242
0,1730
0,4070
1,1502
1,3255
0,2387
1,6727
0,4414
1,1166
1,3631
0,6343
0,7291
0,9139
0,3403
1,9905
0,6171
0,4626
1,1354
1,1708
1,9565
1,3863
1,8685
0,9757
0,4048
0,4874
1,9333
1,3609
1,283
1,1962
1,6975
0,9101
1,6149
0,8215
1,277
1,1996
1,5738
1,1398
1,6981
0,879
0,8027
0,7853
1,8443
1,2179
1,9591
1,421
1,3897
0,2945
0,3299
1,8671
1,7639
1,613
1,5952
0,4880
0,3404
0,7898
1,6176
0,9902
1,4621
1,1353
1,4413
0,1161
1,3636
1,6344
1,7296
1,4077
1,5999
0,1505
1,3252
1,2380
0,9768
0,6720
1,3060
0,8488
0,6512
0,5397
0,4245
1,1737
0,5151
1,4083
1,2374
1,7606
0,3094
0,2146
1,7434
0,5363
0,2522
0,846
1,8018
0,6182
0,8824
0,7050
1,5707
0,5535
1,1195
1,2710
1,7262
0,248
0,6310
1,9358
1,3662
0,1135
0,4447
1,1909
0,5595
0,1307
0,4675
0,9956
0,6122
0,8884
0,2582
0,3450
0,1763
1,4211
0,7494
1,3808
1,6546
0,3034
0,6774
1,3206
1,1551
0,4023
1,1797
0,5337
1,7460
0,8428
1,2112
0,678
0,7652
0,6780
1,2320
1,5939
0,5105
0,7236
0,2744
0,3696
1,5561
1,4681
1,5753
0,7004
1,8870
1,2576
0,7838
0,812
1,4820
1,7699
0,3239
1,9703
1,481
1,3837
0,6579
1,9531
0,9969
1,9155
0,6921
0,8087
0,1338
1,5798
0,4478
0,1936
1,9367
0,2549
0,7807
0,8073
1,223
0,7209
0,9393
1,8241
0,5906
1,647
0,8625
0,475
1,2911
0,8417
1,5308
1,4686
0,5754
0,8877
1,7003
1,2571
1,9199
1,815
1,7231
0,2743
1,3691
0,8279
1,5566
0,7655
1,6787
0,2327
0,5102
1,1790
1,5330
1,7467
0,2929
0,2115
0,6773
0,3201
0,1556
1,4818
0,4024
0,1764
0,4216
0,7493
0,6541
1,3033
0,9509
1,1300
1,4672
1,6125
0,9951
0,8883
0,6919
0,2585
0,3457
0,6317
1,3665
0,1132
1,4440
0,5592
0,472
0,7458
0,2916
1,8410
0,5901
0,640
1,8622
0,2318
0,5559
1,224
0,9394
0,8246
0,8848
0,8074
1,7800
0,1931
0,6328
1,2788
0,9360
1,6926
1,9152
0,3468
1,8080
1,486
1,3830
0,9536
0,4229
1,1569
0,4827
0,9704
0,5908
0,1594
0,5134
1,7663
0,649
1,2311
0,6583
1,7451
1,2123
0,8419
1,5306
1,8841
1,7035
1,9993
0,3495
1,823
1,7809
0,2547
1,5762
1,5550
0,4482
0,7207
1,2775
0,6113
0,9967
0,8089
0,3461
1,1336
1,5796
1,4644
1,1104
1,1938
1,4476
0,6321
1,3653
1,9369
0,2781
1,1560
1,4012
0,6745
1,7697
0,3237
0,6577
0,3839
0,3005
0,1752
1,4220
1,7238
0,212
1,8270
1,3698
1,8042
1,7836
0,9190
1,2578
0,1799
0,5339
1,2920
0,444
1,8426
0,676
0,8614
1,5937
1,6548
0,3806
0,9500
0,682
1,9732
0,3208
0,4811
0,8284
1,9356
0,1907
1,4449
0,1309
1,9958
0,6910
0,9164
1,6570
0,488
0,9538
0,3002
0,1755
1,4227
1,4829
1,1567
0,4015
1,6742
0,7690
0,3230
0,1103
1,4471
0,6326
1,3654
0,2786
0,9960
0,6114
1,3466
0,6928
0,1331
1,5791
1,4643
1,5557
1,4485
0,7200
0,8248
1,2772
0,7032
1,8846
1,9994
1,3492
0,824
0,2540
0,5765
1,2918
1,6584
0,7456
1,2124
1,5301
0,1593
0,5133
1,7664
0,2316
0,3459
1,9163
1,6917
1,6319
1,8283
0,9351
0,1900
0,685
1,9735
0,4816
1,1558
0,4218
0,3801
1,9507
0,6789
0,671
0,2329
1,8613
1,5930
1,2927
1,7469
1,443
1,8421
1,4688
0,8879
1,7831
0,8045
1,9197
1,215
0,8277
1,5568
1,5628
0,1288
1,969
0,8137
1,7943
0,6891
0,155
1,8305
0,367
1,1886
0,3389
1,8761
1,7729
1,703
0,4990
1,5842
0,2069
1,9481
1,8553
1,2855
0,531
1,3987
1,9647
0,8795
1,4158
0,4964
0,1618
0,9475
1,3973
1,6865
1,9011
1,6059
0,3719
1,9223
1,393
1,1872
0,2056
0,3184
1,7524
0,5273
1,4193
0,5041
0,2264
1,7716
0,5425
1,1085
0,2600
0,7372
1,358
0,956
1,8108
1,2432
0,8934
0,7140
1,6092
0,5617
1,4503
0,1071
0,3726
0,7386
0,6254
0,3514
0,7988
1,6066
0,9812
0,4731
0,1243
0,3170
1,8598
1,6402
0,4355
1,5287
1,1627
1,4167
0,5889
0,1415
1,2290
0,9678
1,3342
0,6630
1,9224
1,394
0,1875
0,1049
1,4709
1,9016
0,6862
1,9472
0,3148
0,3974
1,9640
1,8792
0,6608
1,4963
1,4399
0,9486
1,8554
1,2852
0,536
0,3980
0,8766
1,704
0,5079
1,4997
1,5845
1,8302
1,2638
0,360
1,6298
1,1881
0,7944
1,8130
1,6896
0,7178
0,152
1,4160
0,1412
1,2297
1,3345
0,6637
1,3177
0,2899
0,6405
1,4352
1,5280
0,1620
0,3513
1,9029
0,199
0,9815
0,6061
0,4736
1,1244
0,4504
0,1076
1,3721
0,7381
0,6253
1,951
0,2435
0,7147
0,8933
0,6095
0,5610
1,5422
0,1082
0,2607
0,7375
0,4194
1,5046
0,2263
1,8759
1,7711
1,2051
1,3183
0,7523
1,509
0,5274
0,8596
1,9444
1,3942
0,2890
1,5289
1,1629
1,4169
0,5887
1,4955
0,9676
0,1843
1,9212
0,3728
0,7388
0,9020
1,6854
0,7986
0,6068
1,190
1,8334
0,356
0,7972
1,958
0,8106
1,164
0,5619
1,8562
1,2058
1,500
0,2864
1,5873
1,8750
0,9682
1,732
1,7718
0,4700
0,1272
0,3525
1,993
0,9823
1,6057
0,7185
1,3717
0,6265
0,4532
0,1040
0,3373
0,9649
1,6601
0,5084
0,4156
1,1424
1,4364
0,1616
1,3141
1,2093
0,6433
1,3387
0,2255
1,7727
1,5070
1,5242
0,4390
0,33
1,2067
0,7515
0,3989
0,5626
0,1286
0,2403
0,967
1,8139
0,7171
0,8905
0,2631
1,6291
0,369
0,7343
0,1888
0,5414
1,5048
1,5874
1,8757
0,9685
1,735
0,8565
1,507
0,2863
0,8101
1,7975
0,163
0,7149
1,2609
0,8333
0,351
1,6853
0,9027
1,7981
1,197
0,4738
1,1844
1,1078
0,9215
1,5880
0,4952
0,9671
1,2299
1,6639
0,8591
1,3179
0,9443
0,3945
0,2897
0,2636
1,6296
0,7344
1,5413
0,5621
1,1281
0,6898
1,2404
0,960
1,8902
1,7176
1,5245
1,4397
0,34
0,9488
0,2060
1,538
0,7512
1,8768
1,3380
1,2252
1,7720
0,5077
1,4999
0,4363
0,1611
1,3146
0,2094
0,6434
1,3374
0,6606
1,5083
1,4151
0,1423
1,3710
0,6262
0,4535
0,1047
1,4707
0,1275
0,9018
0,3522
1,994
0,6050
0,9824
0,7182
1,9884
1,7122
1,8956
0,108
0,2450
1,3582
0,934
1,5675
0,4595
0,5447
1,7310
0,2662
1,8358
0,1483
0,5023
1,7774
0,2206
0,7546
1,2808
1,6494
1,2034
1,60
0,5211
0,1477
1,4939
0,4105
1,7780
0,6652
0,3320
1,598
1,6460
1,3112
0,9428
0,1645
1,94
1,4337
0,9870
1,6004
0,6838
1,3576
0,1221
0,4753
1,5681
1,1013
0,4561
0,6236
0,2696
0,3744
1,7579
1,553
0,2837
1,8531
1,761
1,6699
0,8703
0,2239
0,5820
0,305
1,8367
1,5478
0,4798
1,8969
0,137
0,9087
1,7921
1,8155
1,6209
1,9241
0,8393
0,1810
1,9073
0,6807
1,3549
1,4308
1,3911
0,9417
0,795
0,9625
0,1448
1,4906
1,1014
1,4566
0,1828
0,6231
1,9279
1,2691
1,3743
0,6003
0,9877
1,8199
0,3571
0,1226
1,4754
1,5686
0,3929
1,6467
1,3115
1,1642
0,93
0,4330
0,1470
1,4102
1,7787
0,6655
0,3327
0,7541
0,6493
0,8509
1,2033
0,67
1,5216
1,5818
0,1484
0,5024
0,7773
0,759
0,2201
1,4592
1,5440
1,7317
1,2665
0,9883
1,8951
1,7125
0,2457
1,3585
0,933
1,7919
0,5672
0,792
1,3318
1,9622
0,4901
0,3916
1,6458
0,9410
1,1219
1,9848
0,6800
0,9074
1,9246
0,8394
1,4559
1,1817
1,130
0,9080
1,2468
0,8152
0,7926
1,7328
1,302
1,8360
1,3788
0,766
1,8704
0,5827
1,1689
1,58
1,5229
0,554
0,2830
1,8536
1,1674
1,4306
0,6451
1,7583
0,9419
1,3123
1,6663
0,3311
1,4908
1,1446
1,4134
1,6207
0,3775
1,1022
1,5482
1,4550
0,1210
0,4762
0,8993
0,6035
0,9841
1,3547
1,6809
0,2495
1,7321
1,3781
0,8369
0,2653
1,5476
0,5644
1,4796
1,8967
1,139
0,7113
1,905
1,2461
0,9089
1,51
1,1680
0,5220
1,2839
0,7577
1,2005
1,6697
1,7745
1,2237
0,5012
0,3578
0,8190
1,6836
0,9042
1,1821
1,6238
0,2698
0,9270
0,4937
1,1479
1,9614
1,596
1,3920
0,9426
0,4339
0,5811
0,750
0,2208
0,8732
1,2806
1,562
1,7548
0,8500
0,8958
0,106
0,8164
1,7910
1,5449
1,334
1,8356
0,9284
0,6690
1,768
0,7742
0,2230
1,5829
0,5015
1,56
1,1687
1,5227
1,7570
0,2002
0,8538
0,5643
0,4791
0,7114
1,8960
1,7928
0,902
1,2466
0,7326
0,3786
1,2654
0,5471
1,1217
0,4765
0,8994
1,9846
1,6032
0,3540
1,2492
1,6200
0,3772
0,9248
1,1025
0,1819
0,5485
1,4557
1,6664
0,3316
0,1441
0,4133
0,1673
0,4301
0,6456
1,7584
1,3918
1,3124
0,333
0,7319
1,8351
1,9283
0,101
0,7917
1,8163
0,2459
1,2801
1,565
1,8507
0,69
0,5218
0,5816
0,757
0,8735
1,6469
0,591
0,3927
0,9421
1,4930
1,7789
1,9613
0,3329
1,1826
1,4568
0,9277
0,9879
1,8197
1,9045
1,6831
0,1228
1,5688
0,1079
0,1845
1,9214
0,196
0,9026
0,6852
0,7980
1,4739
1,3944
1,2896
1,3178
0,8590
1,9442
1,5881
1,4953
1,6638
1,2298
0,9670
0,506
0,2862
0,8564
0,5875
1,5049
0,734
1,8756
0,9684
1,350
0,2608
1,8332
1,7148
0,162
1,7974
0,8100
1,6607
1,3375
0,1422
1,5082
1,4150
0,1610
1,4362
1,6435
1,3147
1,2095
1,1274
0,4706
0,9825
1,6051
0,7183
0,9019
1,995
0,3523
0,6263
1,3711
1,1046
1,4534
0,1280
0,5620
1,7177
1,8903
0,2405
1,6899
0,961
0,6297
1,7345
1,2637
0,5412
1,7721
1,3381
1,8769
1,2253
0,4998
0,5076
1,35
1,5244
1,4396
1,7513
1,539
1,2061
0,9489
0,165
1,8107
0,959
1,7973
0,5618
0,357
1,8335
0,5872
0,7719
0,733
0,8751
0,9683
1,501
1,2865
1,8563
1,2059
0,5886
0,4954
0,4168
0,9677
1,3943
0,2891
1,8597
1,9445
0,1628
0,5288
1,6069
0,191
0,6855
0,9021
0,7987
0,1842
0,7389
0,9213
1,3729
0,32
0,5243
1,4391
1,3988
0,7514
1,2066
0,7726
0,3386
0,2254
0,5071
0,6290
1,7342
0,368
1,2630
0,5415
0,1889
1,1287
0,5627
0,8904
1,7170
1,2402
0,8138
0,966
1,6264
0,3716
1,1041
0,4533
1,1273
0,4701
1,6056
1,9822
1,7184
0,992
0,3524
0,1617
0,4365
0,6432
1,3140
1,2092
1,6600
1,3372
1,9648
0,1425
1,5085
0,4157
0,705
1,8767
1,4996
0,5844
1,5078
0,4398
1,2853
1,3981
0,537
0,9487
1,8555
0,153
1,7179
0,8131
0,7945
1,6897
1,361
0,6299
1,8303
0,2639
0,1880
1,4708
0,6863
1,9017
0,395
0,9225
1,1048
0,1874
0,6609
0,9641
1,8793
0,4962
1,3975
1,9473
1,3149
1,1083
0,5423
1,7374
0,2606
0,8932
1,7146
0,6094
0,950
1,2434
1,5611
0,508
0,7522
0,2050
1,3182
0,5275
0,4195
0,5047
1,7710
0,2262
0,8758
1,6404
1,2898
1,3176
0,1621
1,4353
1,5281
1,1413
0,4161
0,6636
0,2296
1,3344
0,1077
0,4505
0,7380
0,6252
0,3720
1,198
0,6060
0,9814
1,3512
1,9028
0,1245
0,4737
1,1619
0,3972
1,9474
1,9646
1,8794
0,4965
0,4159
1,392
1,3718
0,9222
1,1873
1,6058
1,9010
0,6864
0,366
0,8304
0,1887
0,1289
0,5629
1,154
1,7942
0,8136
1,968
0,6890
1,2854
0,3986
1,530
0,9480
0,2068
1,8552
0,702
1,7728
0,8760
0,3388
0,4991
1,5843
0,9813
1,6067
1,7989
0,3515
1,1242
1,4730
0,1070
1,4502
0,7387
0,6255
1,3727
1,1414
0,5888
0,4166
0,6631
0,9679
0,2291
0,3343
1,6403
1,8599
1,3171
1,1626
0,4354
0,5286
1,4192
0,5040
1,7717
0,2265
0,7525
1,2057
0,3185
1,5272
0,7141
0,8935
0,6093
1,8109
1,957
0,2433
1,5616
0,1084
0,5424
1,359
1,7373
0,2601
0,3773
0,9249
1,6201
0,5484
0,1818
0,4556
0,1024
1,4764
1,1216
1,3541
0,2493
0,8995
1,6033
0,9847
1,4300
1,1672
0,3125
1,6457
1,3919
0,7585
1,3317
0,6665
0,4132
1,1440
1,5226
1,57
1,1686
1,2003
0,8539
0,7571
1,2231
1,6691
0,7743
0,769
1,5014
1,5828
0,3787
1,2655
0,7327
1,5470
0,5642
0,4790
1,903
1,7929
1,2467
0,8961
0,7115
0,4931
1,9612
0,3328
1,7788
1,9420
0,6468
0,3926
1,590
0,8196
0,6830
1,9044
1,9878
1,5689
1,1229
1,1827
0,4569
1,9276
0,8162
0,7916
1,2458
1,100
0,8350
1,9282
1,7318
0,332
1,5817
1,8734
1,756
0,8506
1,2800
1,564
0,5219
0,68
1,5645
0,4797
1,904
1,9088
1,2460
1,7112
0,138
0,8966
0,8368
1,3780
0,2652
1,7320
0,5477
0,2236
1,6696
1,7744
0,5013
0,5221
0,50
0,1681
1,2004
1,2838
0,7576
1,3310
0,6662
1,4135
0,4909
0,1447
1,4307
0,1675
1,9418
1,3122
0,6450
1,7582
1,4763
1,1211
1,3546
0,2494
1,6808
0,8992
0,9840
1,6034
1,3774
0,6206
0,5483
0,4551
1,1023
1,8501
1,2807
0,7549
0,563
0,5810
0,2209
1,8733
0,751
1,5448
1,8357
1,9285
1,335
1,7911
0,8165
0,107
0,8959
1,1820
1,9271
0,2699
1,6239
0,8191
1,3579
0,9043
1,6837
0,9427
0,3921
0,597
0,4338
0,4936
0,1478
1,9615
0,5025
1,1485
0,5819
1,2200
1,758
0,7772
1,8508
1,2032
0,7540
1,6492
0,5217
1,66
0,2456
0,7918
0,932
0,3584
1,9882
1,7124
0,8950
1,5673
1,4593
1,5441
1,2664
0,7316
0,3570
0,8198
0,9876
0,6002
1,4755
1,5687
0,1227
0,4567
0,1829
0,1015
0,2690
0,9278
0,3742
0,6230
1,4103
1,1471
1,3326
1,7786
1,6654
1,3114
0,3928
0,6466
1,4331
1,1643
1,92
0,3789
1,8361
1,303
1,7329
0,2469
0,9081
1,7927
1,8153
0,131
0,5228
0,1688
0,59
1,8537
1,555
1,2831
1,8705
1,767
0,5826
0,9411
0,3917
1,6459
0,3319
1,9623
1,793
0,4900
1,9247
0,8395
1,4558
1,1816
0,1218
0,9075
1,6801
0,9849
0,3113
0,9429
0,599
1,6461
0,4336
0,1644
1,95
1,4104
0,1476
1,4938
1,3321
0,7781
0,6653
0,4560
1,1012
1,2697
1,3745
0,6237
0,6839
1,3577
1,6005
0,9871
1,4752
0,5680
1,1220
0,4594
0,5446
0,2663
1,8359
0,7311
1,2451
1,935
1,3583
1,9885
0,109
1,8957
0,7123
0,5674
0,2035
0,7547
0,6495
0,2809
1,5210
0,61
1,5022
0,1482
0,2207
0,7775
0,6806
0,9072
1,3548
0,9240
0,8392
0,6208
0,1811
1,9624
1,794
1,1449
0,4907
1,4309
1,9416
0,3910
1,8702
1,2238
0,760
0,6698
0,5821
1,8530
1,552
1,7578
0,2836
1,4799
0,9086
0,8154
0,7920
1,136
1,8968
1,8366
0,304
1,5479
